MaxAbsEStateIndex,MaxEStateIndex,MinAbsEStateIndex,MinEStateIndex,qed,SPS,MolWt,HeavyAtomMolWt,ExactMolWt,NumValenceElectrons,NumRadicalElectrons,MaxPartialCharge,MinPartialCharge,MaxAbsPartialCharge,MinAbsPartialCharge,FpDensityMorgan1,FpDensityMorgan2,FpDensityMorgan3,BCUT2D_MWHI,BCUT2D_MWLOW,BCUT2D_CHGHI,BCUT2D_CHGLO,BCUT2D_LOGPHI,BCUT2D_LOGPLOW,BCUT2D_MRHI,BCUT2D_MRLOW,AvgIpc,BalabanJ,BertzCT,Chi0,Chi0n,Chi0v,Chi1,Chi1n,Chi1v,Chi2n,Chi2v,Chi3n,Chi3v,Chi4n,Chi4v,HallKierAlpha,Ipc,Kappa1,Kappa2,Kappa3,LabuteASA,PEOE_VSA1,PEOE_VSA10,PEOE_VSA11,PEOE_VSA12,PEOE_VSA13,PEOE_VSA14,PEOE_VSA2,PEOE_VSA3,PEOE_VSA4,PEOE_VSA5,PEOE_VSA6,PEOE_VSA7,PEOE_VSA8,PEOE_VSA9,SMR_VSA1,SMR_VSA10,SMR_VSA2,SMR_VSA3,SMR_VSA4,SMR_VSA5,SMR_VSA6,SMR_VSA7,SMR_VSA8,SMR_VSA9,SlogP_VSA1,SlogP_VSA10,SlogP_VSA11,SlogP_VSA12,SlogP_VSA2,SlogP_VSA3,SlogP_VSA4,SlogP_VSA5,SlogP_VSA6,SlogP_VSA7,SlogP_VSA8,SlogP_VSA9,TPSA,EState_VSA1,EState_VSA10,EState_VSA11,EState_VSA2,EState_VSA3,EState_VSA4,EState_VSA5,EState_VSA6,EState_VSA7,EState_VSA8,EState_VSA9,VSA_EState1,VSA_EState10,VSA_EState2,VSA_EState3,VSA_EState4,VSA_EState5,VSA_EState6,VSA_EState7,VSA_EState8,VSA_EState9,FractionCSP3,HeavyAtomCount,NHOHCount,NOCount,NumAliphaticCarbocycles,NumAliphaticHeterocycles,NumAliphaticRings,NumAromaticCarbocycles,NumAromaticHeterocycles,NumAromaticRings,NumHAcceptors,NumHDonors,NumHeteroatoms,NumRotatableBonds,NumSaturatedCarbocycles,NumSaturatedHeterocycles,NumSaturatedRings,RingCount,MolLogP,MolMR,fr_Al_COO,fr_Al_OH,fr_Al_OH_noTert,fr_ArN,fr_Ar_COO,fr_Ar_N,fr_Ar_NH,fr_Ar_OH,fr_COO,fr_COO2,fr_C_O,fr_C_O_noCOO,fr_C_S,fr_HOCCN,fr_Imine,fr_NH0,fr_NH1,fr_NH2,fr_N_O,fr_Ndealkylation1,fr_Ndealkylation2,fr_Nhpyrrole,fr_SH,fr_aldehyde,fr_alkyl_carbamate,fr_alkyl_halide,fr_allylic_oxid,fr_amide,fr_amidine,fr_aniline,fr_aryl_methyl,fr_azide,fr_azo,fr_barbitur,fr_benzene,fr_benzodiazepine,fr_bicyclic,fr_diazo,fr_dihydropyridine,fr_epoxide,fr_ester,fr_ether,fr_furan,fr_guanido,fr_halogen,fr_hdrzine,fr_hdrzone,fr_imidazole,fr_imide,fr_isocyan,fr_isothiocyan,fr_ketone,fr_ketone_Topliss,fr_lactam,fr_lactone,fr_methoxy,fr_morpholine,fr_nitrile,fr_nitro,fr_nitro_arom,fr_nitro_arom_nonortho,fr_nitroso,fr_oxazole,fr_oxime,fr_para_hydroxylation,fr_phenol,fr_phenol_noOrthoHbond,fr_phos_acid,fr_phos_ester,fr_piperdine,fr_piperzine,fr_priamide,fr_prisulfonamd,fr_pyridine,fr_quatN,fr_sulfide,fr_sulfonamd,fr_sulfone,fr_term_acetylene,fr_tetrazole,fr_thiazole,fr_thiocyan,fr_thiophene,fr_unbrch_alkane,fr_urea
11.07971623834719,11.07971623834719,0.14318594104308358,-3.983620638070043,0.7222433626456721,12.31578947368421,275.244,261.13199999999995,275.071129938,98,0,0.3268554350659145,-0.33982198111020934,0.33982198111020934,0.3268554350659145,0.8947368421052632,1.368421052631579,1.8421052631578947,31.190889658007496,10.151961491516472,2.1529800196956748,-2.079267815114249,2.3577939254749807,-2.022471803979374,7.512452246179599,0.3702800091426614,2.6987456204924642,2.219013299613492,734.3412471020312,13.45781915781361,10.230118388353798,11.124545579353715,9.061461509579257,6.066943851747941,7.864547755451727,4.5742270698932685,6.3508090506607,3.294756381784894,4.077330567619949,2.4744736673276613,2.935008763620417,-1.6099999999999999,28995.322946571036,12.425156598056079,4.494247868158743,2.302842930831289,109.9951562401101,14.353922853296304,0.0,0.0,0.0,0.0,7.595762326787885,4.565048284931329,0.0,0.0,0.0,36.39820241076966,12.13273413692322,28.350606270074692,6.161910027467921,14.351871490436281,29.401612190950004,0.0,4.567099647791355,0.0,6.544756405912575,6.161910027467921,48.53093654769288,0.0,0.0,0.0,0.0,0.0,7.595762326787885,20.515832880764226,11.109804690843905,0.0,0.0,48.53093654769288,0.0,21.805849864162113,0.0,62.46,7.595762326787885,4.565048284931329,0.0,6.161910027467921,6.544756405912575,21.805849864162113,0.0,0.0,53.098036195484234,0.0,9.78682320550495,13.055665312421265,0.0,18.116784454522552,2.2292813051146387,2.022500000000001,0.0,15.857035383597882,-0.14318594104308358,0.3177623456790122,-3.983620638070043,0.14285714285714285,19,2,4,0,0,0,2,1,3,2,2,5,3,0,0,0,3,2.972200000000001,76.35510000000005,0,0,0,0,0,1,0,0,0,0,0,0,0,0,0,1,0,0,0,0,0,0,0,0,0,0,0,0,0,0,1,0,0,0,2,0,3,0,0,0,0,0,0,0,0,0,0,0,0,0,0,0,0,0,0,0,0,0,0,0,0,0,0,0,2,0,0,0,0,0,0,0,0,0,0,0,0,0,0,0,0,0,0,0,0
11.240591319121261,11.240591319121261,0.204426177878559,-4.063622352747684,0.7007316961379304,12.0,335.296,317.15200000000004,335.0922593059999,122,0,0.32685543506642895,-0.4967427614954898,0.4967427614954898,0.32685543506642895,0.9565217391304348,1.434782608695652,1.826086956521739,31.19089005997243,10.133569405728807,2.1685224555099536,-2.088150400400174,2.3749033175943017,-2.025000288704167,7.512456699332844,0.3702331652004157,2.839562576741662,2.248510235330128,850.3608747979781,16.612519696192862,12.891914430902274,13.786341621902189,10.925164814735531,7.11305592818545,8.910659831889236,5.306087990156808,7.082669970924238,3.8940976189043544,4.676671804739409,2.7873882589745116,3.2479233552672673,-2.0100000000000002,176683.2626500197,15.869384553792607,5.888095409777388,3.058780421129203,132.9521309279171,23.827648760896405,11.49902366656781,0.0,0.0,0.0,7.595762326787885,4.565048284931329,0.0,0.0,0.0,0.0,36.39820241076966,28.35060627007469,20.38150511002299,23.82559739803638,29.401612190949997,0.0,4.567099647791355,0.0,6.544756405912575,20.38150511002299,36.39820241076966,0.0,11.49902366656781,9.473725907600098,0.0,11.49902366656781,7.595762326787885,34.735427963319296,11.109804690843905,0.0,0.0,36.39820241076966,0.0,21.805849864162113,0.0,80.92,7.595762326787885,14.351871490436281,0.0,12.706666433380496,0.0,33.30487353072993,0.0,14.219595082555067,40.965302058561015,0.0,9.473725907600098,23.73235418270291,0.0,18.365476764831023,1.924003527336861,1.810190854119426,1.4617739827412453,11.329035178886368,-0.204426177878559,0.23902321113630642,-0.8518759683200225,0.25,23,2,6,0,0,0,2,1,3,4,2,7,5,0,0,0,3,2.9894000000000016,89.45910000000003,0,0,0,0,0,1,0,0,0,0,0,0,0,0,0,1,0,0,0,0,0,0,0,0,0,0,0,0,0,0,1,0,0,0,2,0,3,0,0,0,0,2,0,0,0,0,0,0,0,0,0,0,0,0,0,2,0,0,0,0,0,0,0,0,0,0,0,0,0,0,0,0,0,0,0,0,0,0,0,0,0,0,0,0,0
11.28195329273182,11.28195329273182,0.08771414077385886,-3.982178791712407,0.22598752805288924,12.242424242424242,463.4700000000002,437.26200000000017,463.15485956199996,170,0,0.3250631100829105,-0.49674509821156476,0.49674509821156476,0.3250631100829105,0.7575757575757576,1.2727272727272727,1.7272727272727273,31.190890832803532,9.99244559279035,2.172589154773961,-2.09213361281838,2.4066539645135747,-1.9913002366403287,7.512482308011826,0.37028542192088204,3.1409602674449957,1.7692382959295379,1448.3104676912883,23.164561460070644,18.61552907003387,19.509956261033786,15.891491309924318,10.934423133231364,12.732027036935152,8.340545040532984,10.117127021300412,6.322658797211357,7.221460749063251,4.780445949112293,5.415994904210471,-3.0499999999999994,38587290.52705232,21.777820085415392,8.379943465666715,3.951077192872017,191.0453442201807,23.827648760896405,11.49902366656781,0.0,0.0,0.0,7.595762326787885,4.565048284931329,0.0,0.0,0.0,12.13273413692322,82.9174766514041,34.51251629754261,14.219595082555067,23.82559739803638,50.94650904880918,0.0,4.567099647791355,0.0,19.386399651764595,20.38150511002299,60.6636706846161,0.0,11.49902366656781,9.473725907600098,0.0,11.49902366656781,7.595762326787885,34.735427963319296,11.109804690843905,0.0,12.841643245852019,60.6636706846161,0.0,43.3507467220213,0.0,80.92,7.595762326787885,14.351871490436281,0.0,6.161910027467921,19.386399651764595,44.077321959659514,10.772448428929591,14.219595082555067,24.26546827384644,40.965302058561015,9.473725907600098,24.423172944636345,0.0,18.448854544258584,6.860014278255773,2.226230526161082,1.6344801754954799,20.765026461605796,1.071307722971129,0.6838518833459309,-0.6407163145078942,0.23076923076923078,33,2,6,0,0,0,4,1,5,4,2,7,7,0,0,0,5,6.076000000000007,133.70510000000004,0,0,0,0,0,1,0,0,0,0,0,0,0,0,0,1,0,0,0,0,0,0,0,0,0,0,0,0,0,0,1,0,0,0,4,0,7,0,0,0,0,2,0,0,0,0,0,0,0,0,0,0,0,0,0,2,0,0,0,0,0,0,0,0,0,0,0,0,0,0,0,0,0,0,0,0,0,0,0,0,0,0,0,1,0
10.325925925925926,10.325925925925926,0.3240740740740735,-4.113935185185184,0.5993420758317974,11.3,159.166,154.12599999999998,158.99901402,54,0,0.3116225108637011,-0.28061822044996937,0.3116225108637011,0.28061822044996937,1.4,2.1,2.4,32.23979177287706,10.51281892568133,2.074568800691243,-1.9059287275756214,2.0007360279430495,-1.9901368092613714,7.852923621841678,0.4790350306774319,1.8822423779323865,3.2186466288823383,304.92476512494716,7.612884175122366,4.928573139150008,5.745069720077735,4.605171715522539,2.490512486492274,3.930575815292914,1.6430414973170078,3.0114506232038942,0.902045360552655,1.6721175810411353,0.4996792501175636,0.9442806539120403,-0.9400000000000002,165.63732925805002,7.1703752759381905,2.3553643098527473,1.5200700266645406,58.2796871104841,0.0,0.0,5.025959978669241,0.0,0.0,10.118126859033554,4.552749873690364,4.9839785209472085,8.417796984328938,0.0,6.06636706846161,12.13273413692322,6.196843571613076,0.0,12.9705468580193,10.118126859033554,0.0,4.9839785209472085,0.0,5.025959978669241,0.0,24.395944776997908,0.0,0.0,0.0,0.0,0.0,0.0,17.95452537896651,10.118126859033554,0.0,0.0,29.421904755667146,0.0,0.0,0.0,67.26,10.118126859033554,8.417796984328938,0.0,5.025959978669241,0.0,0.0,18.3295777085363,6.06636706846161,0.0,4.9839785209472085,4.552749873690364,29.050555555555555,0.0,3.412037037037037,-0.3240740740740735,0.0,0.0,4.26400462962963,1.2947453703703704,0.0,-4.113935185185184,0.0,10,1,4,0,0,0,0,1,1,3,1,5,1,0,0,0,1,0.3283000000000001,34.05160000000001,0,0,0,0,0,1,0,0,0,0,0,0,0,0,0,1,0,0,0,0,0,0,0,0,0,0,0,0,0,0,0,0,0,0,0,0,0,0,0,0,0,0,0,0,0,0,0,0,0,0,0,0,0,0,0,0,0,0,0,0,0,0,0,0,0,0,0,0,0,0,0,0,0,1,0,0,0,0,0,0,0,0,0,0,0
10.348425925925927,10.348425925925927,0.18518518518518468,-4.065324074074073,0.5993420758317974,11.3,159.166,154.12599999999998,158.99901402,54,0,0.29555510364348425,-0.28174901144564035,0.29555510364348425,0.28174901144564035,1.5,2.2,2.5,32.23978246568563,10.507801054299193,2.0617327186963528,-1.9098773525075976,2.0253312121525733,-1.9677697278237292,7.854135252701141,0.4825421545896129,1.8822423779323865,3.2186466288823383,304.92476512494716,7.612884175122366,4.928573139150008,5.745069720077735,4.605171715522539,2.4804463797509357,3.9205097085515757,1.6637938651604347,3.085331065607781,0.932259235876907,1.76946994484145,0.4996792501175636,0.9442806539120403,-0.9400000000000001,165.63732925805002,7.1703752759381905,2.3553643098527473,1.5200700266645406,58.279687110484105,0.0,4.895483475517775,0.0,0.0,10.118126859033554,0.0,9.536728394637572,0.0,8.417796984328938,0.0,0.0,12.13273413692322,12.393687143226153,0.0,12.9705468580193,10.118126859033554,0.0,4.9839785209472085,0.0,4.895483475517775,0.0,24.526421280149375,0.0,0.0,0.0,0.0,0.0,0.0,17.95452537896651,10.118126859033554,0.0,0.0,29.421904755667146,0.0,0.0,0.0,67.26,10.118126859033554,8.417796984328938,0.0,4.895483475517775,0.0,6.196843571613076,18.3295777085363,0.0,0.0,4.9839785209472085,4.552749873690364,29.118055555555557,0.0,3.326782407407408,0.0,0.0,0.0,2.699837962962963,2.5039814814814814,0.0,-4.065324074074073,0.0,10,1,4,0,0,0,0,1,1,3,1,5,1,0,0,0,1,0.3283000000000001,34.05160000000001,0,0,0,0,0,1,0,0,0,0,0,0,0,0,0,1,0,0,0,0,0,0,0,0,0,0,0,0,0,0,0,0,0,0,0,0,0,0,0,0,0,0,0,0,0,0,0,0,0,0,0,0,0,0,0,0,0,0,0,0,0,0,0,0,0,0,0,0,0,0,0,0,0,1,0,0,0,0,0,0,0,0,0,0,0
10.200925925925926,10.200925925925926,0.33101851851851904,-0.8790740740740743,0.6106035394285075,8.88888888888889,122.12299999999996,116.07499999999997,122.036779432,46,0,0.3351782346710392,-0.47763925058011736,0.47763925058011736,0.3351782346710392,1.2222222222222223,1.7777777777777777,2.111111111111111,16.365528064874464,10.215857796790882,1.9607739027535758,-1.8765596977532837,1.9553829899343618,-1.9306285909556453,5.868348678084365,0.06966674059501056,1.9003726279897948,2.981454614041131,203.415952604261,6.69023444431199,4.7422132319119505,4.7422132319119505,4.304530452640311,2.5884145455048704,2.5884145455048704,1.671177968192922,1.671177968192922,1.0207396434199782,1.0207396434199782,0.5807298335466442,0.5807298335466442,-1.31,129.22533870330605,5.820039011703511,2.306763635550358,1.2877050319358112,52.75210108613335,5.106527394840706,0.0,0.0,0.0,0.0,5.969305287951849,0.0,4.794537184071822,0.0,0.0,18.19910120538483,12.13273413692322,0.0,5.563451491696996,9.901064578912528,5.969305287951849,0.0,0.0,0.0,0.0,0.0,35.89528683400505,0.0,0.0,0.0,0.0,0.0,0.0,11.075832682792555,0.0,0.0,10.357988675768818,30.33183534230805,0.0,0.0,0.0,37.3,5.969305287951849,4.794537184071822,0.0,0.0,5.563451491696996,0.0,0.0,30.33183534230805,0.0,0.0,5.106527394840706,0.0,0.0,10.200925925925926,8.384814814814815,0.33101851851851904,-0.8790740740740743,8.295648148148148,0.0,0.0,0.0,0.0,9,1,2,0,0,0,1,0,1,1,1,2,1,0,0,0,1,1.3848,33.4013,0,0,0,0,1,0,0,0,1,1,1,0,0,0,0,0,0,0,0,0,0,0,0,0,0,0,0,0,0,0,0,0,0,0,1,0,0,0,0,0,0,0,0,0,0,0,0,0,0,0,0,0,0,0,0,0,0,0,0,0,0,0,0,0,0,0,0,0,0,0,0,0,0,0,0,0,0,0,0,0,0,0,0,0,0
10.17314814814815,10.17314814814815,0.26851851851851904,-0.9190740740740744,0.5998689433499305,8.88888888888889,123.11099999999998,118.07099999999998,123.0320284,46,0,0.33529227405888085,-0.4776379188124248,0.4776379188124248,0.33529227405888085,1.4444444444444444,2.0,2.3333333333333335,16.365539053874066,10.273436648726902,1.9671815296158197,-1.8719192376731835,1.929726679554253,-1.939369144018175,5.866652557810676,0.06965214570961424,1.9003726279897948,2.981454614041131,207.5576620543373,6.69023444431199,4.612076558222283,4.612076558222283,4.304530452640311,2.438145658332526,2.438145658332526,1.5410412945032539,1.5410412945032539,0.9272711231326407,0.9272711231326407,0.4944911284642882,0.4944911284642882,-1.38,129.22533870330605,5.751233595800525,2.2593342006647616,1.2528322001978998,51.97174906707987,5.106527394840706,0.0,0.0,0.0,0.0,5.969305287951849,4.9839785209472085,4.794537184071822,0.0,0.0,0.0,12.13273413692322,12.393687143226153,5.563451491696996,9.901064578912528,5.969305287951849,0.0,4.9839785209472085,0.0,0.0,0.0,30.08987277184637,0.0,0.0,0.0,0.0,0.0,0.0,16.059811203739763,0.0,0.0,10.357988675768818,24.52642128014937,0.0,0.0,0.0,50.19,5.969305287951849,4.794537184071822,0.0,5.563451491696996,0.0,0.0,24.52642128014937,0.0,0.0,4.9839785209472085,5.106527394840706,0.0,0.0,13.837592592592593,8.357037037037037,0.26851851851851904,-0.9190740740740744,2.893518518518518,2.8957407407407407,0.0,0.0,0.0,9,1,3,0,0,0,0,1,1,2,1,3,1,0,0,0,1,0.7797999999999999,31.196299999999994,0,0,0,0,1,1,0,0,1,1,1,0,0,0,0,1,0,0,0,0,0,0,0,0,0,0,0,0,0,0,0,0,0,0,0,0,0,0,0,0,0,0,0,0,0,0,0,0,0,0,0,0,0,0,0,0,0,0,0,0,0,0,0,0,0,0,0,0,0,0,0,0,0,1,0,0,0,0,0,0,0,0,0,0,0
10.317646919879063,10.317646919879063,0.1981481481481484,-0.9773242630385488,0.6498807940213297,8.636363636363637,147.13299999999998,142.09299999999996,147.0320284,54,0,0.3351797260387253,-0.4776392424642608,0.4776392424642608,0.3351797260387253,1.3636363636363635,1.9090909090909092,2.272727272727273,16.365532997936963,10.147316279562633,1.9938349334933636,-1.9091841739425448,2.0167391284224503,-1.942493603627762,5.871024935343538,0.06966609654229249,2.0456060352867365,3.031638968107444,307.85909745119363,8.267584713501616,5.612076558222283,5.612076558222283,5.236382105218448,2.9727049457778083,2.9727049457778083,1.9943062324730991,1.9943062324730991,1.26095019940467,1.26095019940467,0.6873404477516165,0.6873404477516165,-1.8199999999999998,335.4793897870248,7.288932461873639,2.8425467468001866,1.5537380167541641,63.509622881998666,5.106527394840706,0.0,0.0,0.0,0.0,5.969305287951849,0.0,4.794537184071822,5.261891554738487,0.0,0.0,24.26546827384644,0.0,17.196124296186266,9.901064578912528,5.969305287951849,5.261891554738487,0.0,0.0,0.0,0.0,35.392371257240434,0.0,6.069221312792274,0.0,0.0,0.0,0.0,11.075832682792555,0.0,11.33111286753076,15.921440167465814,24.26546827384644,0.0,0.0,0.0,61.09,5.969305287951849,4.794537184071822,0.0,5.563451491696996,5.563451491696996,0.0,24.26546827384644,0.0,6.069221312792274,0.0,10.368418949579192,0.0,0.0,10.317646919879063,16.83516487150416,0.6657407407407412,-0.9773242630385488,7.658771730914587,0.0,0.0,0.0,0.0,11,1,3,0,0,0,1,0,1,2,1,3,1,0,0,0,1,1.25648,38.11630000000001,0,0,0,0,1,0,0,0,1,1,1,0,0,0,0,1,0,0,0,0,0,0,0,0,0,0,0,0,0,0,0,0,0,0,1,0,0,0,0,0,0,0,0,0,0,0,0,0,0,0,0,0,0,0,0,0,0,1,0,0,0,0,0,0,0,0,0,0,0,0,0,0,0,0,0,0,0,0,0,0,0,0,0,0,0
10.271409674981104,10.271409674981104,0.2585185185185188,-0.9305555555555556,0.5665891872452881,9.2,137.138,130.08199999999997,137.047678464,52,0,0.3351808337675886,-0.4776392362026082,0.4776392362026082,0.3351808337675886,1.3,1.8,2.2,16.365533517003602,10.191701563961232,1.98198063361727,-1.9251633400352666,2.037543613046827,-1.9508284078938862,5.8737963864151235,0.0696705430802485,1.8845053612018057,3.003400684579817,240.2879489264805,7.560477932315068,5.2422132319119505,5.2422132319119505,4.698377302757663,2.7877732826226422,2.7877732826226422,1.92716103233663,1.92716103233663,1.1576341775942978,1.1576341775942978,0.6256965600332277,0.6256965600332277,-1.5099999999999998,180.91251467537336,6.607785630153122,2.389632707443791,1.2539046385226678,58.09199178314606,10.84019487200289,0.0,0.0,0.0,0.0,5.969305287951849,0.0,4.794537184071822,0.0,0.0,0.0,24.26546827384644,5.687386274683562,5.563451491696996,9.901064578912528,11.656691562635412,0.0,0.0,0.0,0.0,5.733667477162185,29.828919765543436,0.0,0.0,5.733667477162185,5.687386274683562,0.0,0.0,11.075832682792555,0.0,0.0,10.357988675768818,24.26546827384644,0.0,0.0,0.0,63.32000000000001,5.969305287951849,4.794537184071822,0.0,5.563451491696996,5.687386274683562,0.0,12.13273413692322,12.13273413692322,0.0,0.0,10.84019487200289,0.0,0.0,10.271409674981104,8.434890400604687,6.1664777021919885,-0.9305555555555556,6.057777777777778,0.0,0.0,0.0,0.0,10,3,3,0,0,0,1,0,1,2,2,3,1,0,0,0,1,0.9670000000000001,37.81370000000001,0,0,0,1,1,0,0,0,1,1,1,0,0,0,0,0,0,1,0,0,0,0,0,0,0,0,0,0,0,1,0,0,0,0,1,0,0,0,0,0,0,0,0,0,0,0,0,0,0,0,0,0,0,0,0,0,0,0,0,0,0,0,0,0,0,0,0,0,0,0,0,0,0,0,0,0,0,0,0,0,0,0,0,0,0
9.519305555555556,9.519305555555556,0.06944444444444442,-0.8356481481481481,0.4753919445136942,8.166666666666666,89.09399999999998,82.03799999999998,89.047678464,36,0,0.304125215871101,-0.48119525458647605,0.48119525458647605,0.304125215871101,1.8333333333333333,2.3333333333333335,2.3333333333333335,16.36518016150051,10.452807535199392,1.872247142381138,-1.80177778658151,1.6718787072610637,-2.0510855893421565,5.662785319578692,-0.13625975144470376,1.3485878960124225,2.831257109931365,52.75488750216347,4.99156383156272,3.3470257175265417,3.3470257175265417,2.770055610029662,1.6895326240390471,1.6895326240390471,0.9324136778181659,0.9324136778181659,0.3582030387883616,0.3582030387883616,0.12347528753566925,0.12347528753566925,-0.5700000000000001,14.834466856136647,5.43,2.6557336343115123,3.4299999999999993,35.76478180587526,10.84019487200289,0.0,0.0,0.0,0.0,5.969305287951849,4.794537184071822,0.0,0.0,0.0,0.0,0.0,6.544756405912575,6.4208216229260096,9.901064578912528,5.969305287951849,0.0,0.0,5.733667477162185,6.4208216229260096,6.544756405912575,0.0,0.0,0.0,5.733667477162185,0.0,0.0,0.0,17.62058908870513,4.794537184071822,0.0,6.4208216229260096,0.0,0.0,0.0,0.0,63.32000000000001,5.969305287951849,4.794537184071822,0.0,12.965578028838586,0.0,0.0,0.0,0.0,0.0,0.0,10.84019487200289,0.0,0.0,9.519305555555556,7.833472222222222,4.848611111111111,-0.8356481481481481,0.0,0.06944444444444442,0.2314814814814814,0.0,0.6666666666666666,6,3,3,0,0,0,0,0,0,2,2,3,2,0,0,0,0,-0.5802,21.307199999999995,1,0,0,0,0,0,0,0,1,1,1,0,0,0,0,0,0,1,0,0,0,0,0,0,0,0,0,0,0,0,0,0,0,0,0,0,0,0,0,0,0,0,0,0,0,0,0,0,0,0,0,0,0,0,0,0,0,0,0,0,0,0,0,0,0,0,0,0,0,0,0,0,0,0,0,0,0,0,0,0,0,0,0,0,0
9.519305555555556,9.519305555555556,0.06944444444444442,-0.8356481481481481,0.4753919445136942,8.166666666666666,89.09399999999998,82.03799999999998,89.047678464,36,0,0.304125215871101,-0.48119525458647605,0.48119525458647605,0.304125215871101,1.8333333333333333,2.3333333333333335,2.3333333333333335,16.36518016150051,10.452807535199392,1.872247142381138,-1.80177778658151,1.6718787072610637,-2.0510855893421565,5.662785319578692,-0.13625975144470376,1.3485878960124225,2.831257109931365,52.75488750216347,4.99156383156272,3.3470257175265417,3.3470257175265417,2.770055610029662,1.6895326240390471,1.6895326240390471,0.9324136778181659,0.9324136778181659,0.3582030387883616,0.3582030387883616,0.12347528753566925,0.12347528753566925,-0.5700000000000001,14.834466856136647,5.43,2.6557336343115123,3.4299999999999993,35.76478180587526,10.84019487200289,0.0,0.0,0.0,0.0,5.969305287951849,4.794537184071822,0.0,0.0,0.0,0.0,0.0,6.544756405912575,6.4208216229260096,9.901064578912528,5.969305287951849,0.0,0.0,5.733667477162185,6.4208216229260096,6.544756405912575,0.0,0.0,0.0,5.733667477162185,0.0,0.0,0.0,17.62058908870513,4.794537184071822,0.0,6.4208216229260096,0.0,0.0,0.0,0.0,63.32000000000001,5.969305287951849,4.794537184071822,0.0,12.965578028838586,0.0,0.0,0.0,0.0,0.0,0.0,10.84019487200289,0.0,0.0,9.519305555555556,7.833472222222222,4.848611111111111,-0.8356481481481481,0.0,0.06944444444444442,0.2314814814814814,0.0,0.6666666666666666,6,3,3,0,0,0,0,0,0,2,2,3,2,0,0,0,0,-0.5802,21.307199999999995,1,0,0,0,0,0,0,0,1,1,1,0,0,0,0,0,0,1,0,0,0,0,0,0,0,0,0,0,0,0,0,0,0,0,0,0,0,0,0,0,0,0,0,0,0,0,0,0,0,0,0,0,0,0,0,0,0,0,0,0,0,0,0,0,0,0,0,0,0,0,0,0,0,0,0,0,0,0,0,0,0,0,0,0,0
10.200925925925926,10.200925925925926,0.33101851851851904,-0.8790740740740743,0.6106035394285075,8.88888888888889,122.12299999999996,116.07499999999997,122.036779432,46,0,0.3351782346710392,-0.47763925058011736,0.47763925058011736,0.3351782346710392,1.2222222222222223,1.7777777777777777,2.111111111111111,16.365528064874464,10.215857796790882,1.9607739027535758,-1.8765596977532837,1.9553829899343618,-1.9306285909556453,5.868348678084365,0.06966674059501056,1.9003726279897948,2.981454614041131,203.415952604261,6.69023444431199,4.7422132319119505,4.7422132319119505,4.304530452640311,2.5884145455048704,2.5884145455048704,1.671177968192922,1.671177968192922,1.0207396434199782,1.0207396434199782,0.5807298335466442,0.5807298335466442,-1.31,129.22533870330605,5.820039011703511,2.306763635550358,1.2877050319358112,52.75210108613335,5.106527394840706,0.0,0.0,0.0,0.0,5.969305287951849,0.0,4.794537184071822,0.0,0.0,18.19910120538483,12.13273413692322,0.0,5.563451491696996,9.901064578912528,5.969305287951849,0.0,0.0,0.0,0.0,0.0,35.89528683400505,0.0,0.0,0.0,0.0,0.0,0.0,11.075832682792555,0.0,0.0,10.357988675768818,30.33183534230805,0.0,0.0,0.0,37.3,5.969305287951849,4.794537184071822,0.0,0.0,5.563451491696996,0.0,0.0,30.33183534230805,0.0,0.0,5.106527394840706,0.0,0.0,10.200925925925926,8.384814814814815,0.33101851851851904,-0.8790740740740743,8.295648148148148,0.0,0.0,0.0,0.0,9,1,2,0,0,0,1,0,1,1,1,2,1,0,0,0,1,1.3848,33.4013,0,0,0,0,1,0,0,0,1,1,1,0,0,0,0,0,0,0,0,0,0,0,0,0,0,0,0,0,0,0,0,0,0,0,1,0,0,0,0,0,0,0,0,0,0,0,0,0,0,0,0,0,0,0,0,0,0,0,0,0,0,0,0,0,0,0,0,0,0,0,0,0,0,0,0,0,0,0,0,0,0,0,0,0,0
10.271409674981104,10.271409674981104,0.2585185185185188,-0.9305555555555556,0.5665891872452881,9.2,137.138,130.08199999999997,137.047678464,52,0,0.3351808337675886,-0.4776392362026082,0.4776392362026082,0.3351808337675886,1.3,1.8,2.2,16.365533517003602,10.191701563961232,1.98198063361727,-1.9251633400352666,2.037543613046827,-1.9508284078938862,5.8737963864151235,0.0696705430802485,1.8845053612018057,3.003400684579817,240.2879489264805,7.560477932315068,5.2422132319119505,5.2422132319119505,4.698377302757663,2.7877732826226422,2.7877732826226422,1.92716103233663,1.92716103233663,1.1576341775942978,1.1576341775942978,0.6256965600332277,0.6256965600332277,-1.5099999999999998,180.91251467537336,6.607785630153122,2.389632707443791,1.2539046385226678,58.09199178314606,10.84019487200289,0.0,0.0,0.0,0.0,5.969305287951849,0.0,4.794537184071822,0.0,0.0,0.0,24.26546827384644,5.687386274683562,5.563451491696996,9.901064578912528,11.656691562635412,0.0,0.0,0.0,0.0,5.733667477162185,29.828919765543436,0.0,0.0,5.733667477162185,5.687386274683562,0.0,0.0,11.075832682792555,0.0,0.0,10.357988675768818,24.26546827384644,0.0,0.0,0.0,63.32000000000001,5.969305287951849,4.794537184071822,0.0,5.563451491696996,5.687386274683562,0.0,12.13273413692322,12.13273413692322,0.0,0.0,10.84019487200289,0.0,0.0,10.271409674981104,8.434890400604687,6.1664777021919885,-0.9305555555555556,6.057777777777778,0.0,0.0,0.0,0.0,10,3,3,0,0,0,1,0,1,2,2,3,1,0,0,0,1,0.9670000000000001,37.81370000000001,0,0,0,1,1,0,0,0,1,1,1,0,0,0,0,0,0,1,0,0,0,0,0,0,0,0,0,0,0,1,0,0,0,0,1,0,0,0,0,0,0,0,0,0,0,0,0,0,0,0,0,0,0,0,0,0,0,0,0,0,0,0,0,0,0,0,0,0,0,0,0,0,0,0,0,0,0,0,0,0,0,0,0,0,0
10.359738756613757,10.359738756613757,0.26925925925925953,-0.9234693877551023,0.6961288347721591,9.181818181818182,152.149,144.08499999999998,152.047344116,58,0,0.3351828615420761,-0.49676775216014213,0.49676775216014213,0.3351828615420761,1.3636363636363635,1.9090909090909092,2.272727272727273,16.465364821514267,10.199333808982258,1.9972438376399664,-1.9761324615260274,2.1005954852339643,-1.9454245139057729,5.871210285358533,0.06966315388153893,2.0456060352867365,2.9138015626758045,250.54461008172765,8.267584713501616,6.073111253186188,6.073111253186188,5.236382105218448,3.1114705837236243,3.1114705837236243,2.033654104630744,2.033654104630744,1.336969111747893,1.336969111747893,0.7335956604002217,0.7335956604002217,-1.5099999999999998,335.4793897870248,7.595374077976819,3.0531381005525,1.7031790754529077,64.23058843003683,9.843390348640755,5.749511833283905,0.0,0.0,0.0,5.969305287951849,0.0,4.794537184071822,0.0,0.0,0.0,24.26546827384644,0.0,12.673249032974528,14.637927532712576,5.969305287951849,0.0,0.0,0.0,0.0,7.109797541277533,29.828919765543436,0.0,5.749511833283905,4.736862953800049,0.0,5.749511833283905,0.0,18.18563022407009,0.0,0.0,10.357988675768818,24.26546827384644,0.0,0.0,0.0,46.53,5.969305287951849,4.794537184071822,0.0,5.563451491696996,5.749511833283905,0.0,19.242531678200752,12.13273413692322,0.0,0.0,9.843390348640755,4.855976946334089,0.0,10.359738756613757,8.507594482237339,0.26925925925925953,-0.26143235071806514,6.231388888888889,0.0,0.0,1.5374740173847317,0.125,11,1,3,0,0,0,1,0,1,2,1,3,2,0,0,0,1,1.3934,39.953300000000006,0,0,0,0,1,0,0,0,1,1,1,0,0,0,0,0,0,0,0,0,0,0,0,0,0,0,0,0,0,0,0,0,0,0,1,0,0,0,0,0,0,1,0,0,0,0,0,0,0,0,0,0,0,0,0,1,0,0,0,0,0,0,0,0,0,0,0,0,0,0,0,0,0,0,0,0,0,0,0,0,0,0,0,0,0
10.26914210128496,10.26914210128496,0.25407407407407456,-0.9336419753086422,0.675780363757627,9.3,156.56799999999998,151.528,155.99780708,52,0,0.3351799931332665,-0.47763924094516946,0.47763924094516946,0.3351799931332665,1.3,1.8,2.2,35.49569082876048,10.212807508968604,1.9859404319603908,-1.909946572312343,2.082250032926711,-1.9350488154733887,6.301764237780067,0.06966782804392427,1.8845053612018057,3.003400684579818,240.2879489264805,7.560477932315068,5.042827435731552,5.798756381750007,4.698377302757663,2.688080384532443,3.0660448575416703,1.8120455892392888,2.2484813697112735,1.0911722455341653,1.3431485608736502,0.5924655940031613,0.7184537516729038,-1.02,180.91251467537336,7.091358574610246,2.7089444566765426,1.4815230258237757,63.05536731301502,5.106527394840706,0.0,0.0,0.0,0.0,5.969305287951849,0.0,4.794537184071822,0.0,0.0,11.600939890232516,24.26546827384644,5.022633313741326,5.563451491696996,9.901064578912528,17.570245178184365,0.0,0.0,0.0,0.0,0.0,34.85155307928476,0.0,0.0,0.0,0.0,0.0,11.600939890232516,11.075832682792555,0.0,0.0,10.357988675768818,24.26546827384644,5.022633313741326,0.0,0.0,37.3,5.969305287951849,4.794537184071822,0.0,5.563451491696996,5.022633313741326,0.0,12.13273413692322,12.13273413692322,0.0,0.0,16.70746728507322,0.0,5.523420256991685,10.26914210128496,8.97891912320484,0.25407407407407456,-0.9336419753086422,6.019197530864197,0.0,0.0,0.0,0.0,10,1,2,0,0,0,1,0,1,1,1,3,1,0,0,0,1,2.0382,38.41130000000001,0,0,0,0,1,0,0,0,1,1,1,0,0,0,0,0,0,0,0,0,0,0,0,0,0,0,0,0,0,0,0,0,0,0,1,0,0,0,0,0,0,0,0,0,1,0,0,0,0,0,0,0,0,0,0,0,0,0,0,0,0,0,0,0,0,0,0,0,0,0,0,0,0,0,0,0,0,0,0,0,0,0,0,0,0
10.296919879062736,10.296919879062736,0.3085185185185191,-0.8958333333333337,0.7550960038549661,9.3,201.019,195.97899999999998,199.9472915,52,0,0.3351795626680709,-0.4776392433072885,0.4776392433072885,0.3351795626680709,1.3,1.8,2.2,79.91873096599441,10.214773870312738,1.9844543625180373,-1.912414181986876,2.09333493674916,-1.935548187207518,9.102991014711089,0.06966495174491079,1.8845053612018057,3.003400684579818,240.2879489264805,7.560477932315068,5.042827435731552,6.628823974846256,4.698377302757663,2.688080384532443,3.481078654089795,1.8120455892392888,2.7277211180309777,1.0911722455341653,1.6198377585724004,0.5924655940031613,0.8567983505222788,-0.8300000000000001,180.91251467537336,7.279051254089422,2.8358235933154585,1.5736854658634327,66.61964869177471,5.106527394840706,0.0,0.0,0.0,0.0,5.969305287951849,0.0,4.794537184071822,0.0,0.0,15.929943897949348,24.26546827384644,4.472719515832414,5.563451491696996,9.901064578912528,21.899249185901198,0.0,0.0,0.0,0.0,0.0,34.30163928137585,0.0,0.0,0.0,0.0,0.0,15.929943897949348,11.075832682792555,0.0,0.0,10.357988675768818,28.738187789678854,0.0,0.0,0.0,37.3,5.969305287951849,4.794537184071822,0.0,0.0,5.563451491696996,4.472719515832414,0.0,24.26546827384644,0.0,15.929943897949348,5.106527394840706,0.8865740740740744,3.20161470143613,10.296919879062736,8.460400604686319,0.3085185185185191,-0.8958333333333337,6.491805555555556,0.0,0.0,0.0,0.0,10,1,2,0,0,0,1,0,1,1,1,3,1,0,0,0,1,2.1473000000000004,41.10130000000001,0,0,0,0,1,0,0,0,1,1,1,0,0,0,0,0,0,0,0,0,0,0,0,0,0,0,0,0,0,0,0,0,0,0,1,0,0,0,0,0,0,0,0,0,1,0,0,0,0,0,0,0,0,0,0,0,0,0,0,0,0,0,0,0,0,0,0,0,0,0,0,0,0,0,0,0,0,0,0,0,0,0,0,0,0
12.186817838246409,12.186817838246409,0.29296296296296354,-1.513333333333333,0.516129459450564,9.5,139.922,133.874,140.044488052,52,0,0.4879207464597557,-0.42317694268178285,0.4879207464597557,0.42317694268178285,1.1,1.6,2.0,19.14213920797274,9.804756407372789,2.083907591123289,-1.954539323665781,1.9165180887259528,-2.288402845176727,6.580510611646438,0.425467330611078,1.8845053612018057,2.893762783606677,209.49273048806666,7.560477932315068,5.159143009957273,5.159143009957273,4.698377302757663,2.815422355639668,2.815422355639668,1.9252201671544127,1.9252201671544127,1.1681474905260074,1.1681474905260074,0.6349129177055696,0.6349129177055696,-0.8650649350649353,180.91251467537336,7.244404918074858,2.8122843307028007,1.5565178494830971,58.07801004330877,10.048045150132006,5.817220841045895,0.0,0.0,0.0,7.118392334224363,0.0,4.39041504767482,0.0,0.0,12.13273413692322,17.595537397338052,0.0,0.0,14.438460197806826,12.581195594639196,0.0,0.0,0.0,0.0,0.0,30.082689114892332,0.0,0.0,5.462803260414833,4.39041504767482,0.0,0.0,17.16643748435637,0.0,5.817220841045895,0.0,24.26546827384644,0.0,0.0,0.0,40.46,7.118392334224363,4.39041504767482,0.0,5.817220841045895,5.462803260414833,0.0,24.26546827384644,0.0,0.0,0.0,10.048045150132006,12.186817838246409,0.0,0.0,17.09540438397581,0.29296296296296354,-0.38481481481481494,4.989629629629629,0.0,0.0,-1.513333333333333,0.0,10,2,2,0,0,0,1,0,1,2,2,4,1,0,0,0,1,-0.49450000000000016,36.225600000000014,0,0,0,0,0,0,0,0,0,0,0,0,0,0,0,0,0,0,0,0,0,0,0,0,0,0,0,0,0,0,0,0,0,0,1,0,0,0,0,0,0,0,0,0,1,0,0,0,0,0,0,0,0,0,0,0,0,0,0,0,0,0,0,0,0,0,0,0,0,0,0,0,0,0,0,0,0,0,0,0,0,0,0,0,0
12.32611111111111,12.32611111111111,0.1921296296296291,-1.8331481481481486,0.5477135623272421,9.818181818181818,157.91199999999998,152.87199999999999,158.03506624,58,0,0.48812864690631885,-0.4231748562673401,0.48812864690631885,0.4231748562673401,1.0,1.4545454545454546,1.8181818181818181,19.14542414903197,9.802345230539533,2.1212920163300777,-1.9785809518376456,1.98575480083707,-2.29883909066018,6.5807298277058734,0.42457155323906515,1.8460467916839207,3.0834305113926055,244.50923773053,8.430721420318147,5.459757213776874,5.459757213776874,5.092224152875015,2.91508819466724,2.91508819466724,2.0764507592826242,2.0764507592826242,1.1830269539026315,1.1830269539026315,0.724235699638002,0.724235699638002,-0.9350649350649353,243.67817650227752,8.164289903644743,2.9805127538723815,1.9936389888351838,62.243545446235004,10.048045150132006,11.63444168209179,0.0,0.0,0.0,7.118392334224363,0.0,8.78083009534964,0.0,0.0,0.0,17.595537397338052,6.06636706846161,0.0,18.828875245481647,12.581195594639196,0.0,0.0,0.0,0.0,0.0,29.833542887476618,0.0,0.0,5.462803260414833,8.78083009534964,0.0,0.0,17.16643748435637,0.0,11.63444168209179,0.0,18.19910120538483,0.0,0.0,0.0,40.46,18.752834016316154,8.78083009534964,0.0,5.462803260414833,6.06636706846161,12.13273413692322,0.0,0.0,0.0,0.0,10.048045150132006,24.65222222222222,0.0,0.0,16.98962962962963,-0.1921296296296291,-1.6516666666666668,2.368425925925926,0.0,0.0,-1.8331481481481486,0.0,11,2,2,0,0,0,1,0,1,2,2,5,1,0,0,0,1,-0.35540000000000016,36.18360000000001,0,0,0,0,0,0,0,0,0,0,0,0,0,0,0,0,0,0,0,0,0,0,0,0,0,0,0,0,0,0,0,0,0,0,1,0,0,0,0,0,0,0,0,0,2,0,0,0,0,0,0,0,0,0,0,0,0,0,0,0,0,0,0,0,0,0,0,0,0,0,0,0,0,0,0,0,0,0,0,0,0,0,0,0,0
12.363148148148149,12.363148148148149,0.42462962962962947,-2.005,0.45834185548022954,10.083333333333334,175.902,171.86999999999998,176.025644428,64,0,0.4881323223708833,-0.42317483892255503,0.4881323223708833,0.42317483892255503,1.0,1.4166666666666667,1.75,19.16865188181422,9.801279794483792,2.169179229871109,-2.0002447274000605,2.070879429970871,-2.3048145571215155,6.580774775175612,0.4208140355404022,1.9867269983816982,3.2139553063334327,279.83982642577905,9.300964908321225,5.760371417596475,5.760371417596475,5.519744507803582,3.0267201619822277,3.0267201619822277,2.172201576019932,2.172201576019932,1.3042884448449894,1.3042884448449894,0.7241942277935709,0.7241942277935709,-1.0050649350649352,405.29230766986643,9.085886034094418,3.1609023496652515,1.5935008061077476,66.40908084916126,10.048045150132006,0.0,17.451662523137685,0.0,0.0,7.118392334224363,0.0,13.171245143024459,0.0,0.0,0.0,17.595537397338052,0.0,0.0,23.21929029315647,12.581195594639196,0.0,0.0,0.0,0.0,0.0,29.584396660060904,0.0,0.0,5.462803260414833,13.171245143024459,0.0,0.0,17.16643748435637,0.0,17.451662523137685,0.0,12.13273413692322,0.0,0.0,0.0,40.46,30.032858117776883,13.171245143024459,0.0,0.0,12.13273413692322,0.0,0.0,0.0,0.0,0.0,10.048045150132006,36.98718820861678,0.0,0.0,16.926515495086925,-0.42462962962962947,-4.517962962962963,1.0338888888888889,0.0,0.0,-2.005,0.0,12,2,2,0,0,0,1,0,1,2,2,6,1,0,0,0,1,-0.21630000000000005,36.14160000000002,0,0,0,0,0,0,0,0,0,0,0,0,0,0,0,0,0,0,0,0,0,0,0,0,0,0,0,0,0,0,0,0,0,0,1,0,0,0,0,0,0,0,0,0,3,0,0,0,0,0,0,0,0,0,0,0,0,0,0,0,0,0,0,0,0,0,0,0,0,0,0,0,0,0,0,0,0,0,0,0,0,0,0,0,0
10.356901533761652,10.356901533761652,0.049846938775510274,-3.7162305917737477,0.34122564571329533,11.909090909090908,292.053,277.941,291.972528938,68,0,0.3250619266321911,-0.3244220090987833,0.3250619266321911,0.3244220090987833,1.0909090909090908,1.6363636363636365,2.090909090909091,126.91270398689056,10.206675939497472,2.100949601040081,-2.0143666551923483,2.3493791660241476,-1.8764117161651999,14.10875761313415,0.3705325695985683,1.8507672028156712,3.0888256843457236,133.78908529851986,8.742640687119287,6.370494237092249,9.422419719268488,5.060660171779822,3.6660631937643173,6.98924876955727,2.4914867892614234,5.346817915617015,1.3330315968821584,2.9946243847786347,0.7658189863946696,1.9407425142869281,0.8799999999999999,179.5244186731201,11.879999999999999,6.40193202422746,10.879999999999997,80.87720764159612,9.78682320550495,0.0,0.0,0.0,0.0,7.595762326787885,4.565048284931329,0.0,0.0,0.0,35.432513872920076,17.26919564814643,6.161910027467921,0.0,14.351871490436281,30.18663295385594,0.0,0.0,0.0,25.683286491704038,10.589462429762332,0.0,0.0,0.0,0.0,0.0,0.0,30.18663295385594,20.37628563526728,4.565048284931329,0.0,25.683286491704038,0.0,0.0,0.0,0.0,57.53,7.595762326787885,4.565048284931329,0.0,6.161910027467921,6.4208216229260096,23.69001727107244,0.0,0.0,0.0,22.590870627068057,9.78682320550495,11.48951136936256,2.301802984063996,16.967600938523557,0.0,0.0,0.0,0.0,3.8828708553791884,0.0,-3.7162305917737477,1.0,11,2,3,0,0,0,0,0,0,1,2,5,6,0,0,0,0,2.1595000000000004,54.26610000000004,0,0,0,0,0,0,0,0,0,0,0,0,0,0,0,0,0,0,0,0,0,0,0,0,0,1,0,0,0,0,0,0,0,0,0,0,0,0,0,0,0,0,0,0,1,0,0,0,0,0,0,0,0,0,0,0,0,0,0,0,0,0,0,0,0,0,0,0,0,0,0,0,0,0,0,0,0,0,0,0,0,0,0,3,0
10.084583333333335,10.084583333333335,0.03125,-3.6822299382716057,0.5709072473115131,11.875,138.10299999999998,127.01499999999999,138.04458084200002,50,0,0.3250617458433436,-0.32442201005670324,0.3250617458433436,0.32442201005670324,1.5,2.0,2.125,31.19088857490731,10.38653985123567,2.091153978071811,-1.984077677373843,2.3449240925723562,-1.8443270732051067,7.512439512879847,0.3711937454671119,1.5920001314822056,3.2596678537022945,95.45654516950493,6.621320343559642,4.87120942052338,5.765636611523296,3.5606601717798214,2.6059087330384414,4.403512636742227,1.7418443809769886,3.5184263617444196,0.8029543665192203,1.701756318371113,0.36408496168251864,1.092254885047556,0.14999999999999997,36.61600302409073,8.150000000000002,3.23008599838753,6.1499999999999995,48.885485291759245,9.78682320550495,0.0,0.0,0.0,0.0,7.595762326787885,4.565048284931329,0.0,0.0,0.0,13.344558822616634,6.4208216229260096,6.161910027467921,0.0,14.351871490436281,7.595762326787885,0.0,0.0,0.0,19.765380445542643,6.161910027467921,0.0,0.0,0.0,0.0,0.0,0.0,7.595762326787885,15.94873323297287,4.565048284931329,0.0,19.765380445542643,0.0,0.0,0.0,0.0,57.53,7.595762326787885,4.565048284931329,0.0,6.161910027467921,6.4208216229260096,6.4208216229260096,0.0,0.0,6.923737199690624,0.0,9.78682320550495,10.084583333333335,0.0,16.51972222222222,0.0,0.0,0.0,0.0,1.4850077160493829,1.8984722222222223,-3.6822299382716057,1.0,8,2,3,0,0,0,0,0,0,1,2,4,3,0,0,0,0,0.9642,31.819099999999985,0,0,0,0,0,0,0,0,0,0,0,0,0,0,0,0,0,0,0,0,0,0,0,0,0,0,0,0,0,0,0,0,0,0,0,0,0,0,0,0,0,0,0,0,0,0,0,0,0,0,0,0,0,0,0,0,0,0,0,0,0,0,0,0,0,0,0,0,0,0,0,0,0,0,0,0,0,0,0,0,0,0,0,0,0
10.198064058956916,10.198064058956916,0.03770000000000007,-3.698742283950618,0.3488115624598551,11.88888888888889,263.999,253.91899999999998,263.94122881,56,0,0.3250623935814169,-0.3244220066492425,0.3250623935814169,0.3244220066492425,1.3333333333333333,1.8888888888888888,2.2222222222222223,126.91270396886284,10.385380011383091,2.098066063878044,-1.9955375087745366,2.346933728157123,-1.8701566497917113,14.108757379089681,0.3713140599657991,1.634374150092862,3.1817722494383824,110.38037532843026,7.328427124746192,4.956280674719153,8.008206156895392,4.060660171779822,2.6660631937643173,5.98924876955727,1.784380008074876,4.639711134430468,0.8330315968821586,2.4946243847786347,0.41226559580139593,1.5871891236936546,0.8799999999999999,60.47184355343589,9.879999999999999,4.6580871539792374,8.879999999999997,68.14732341280289,9.78682320550495,0.0,0.0,0.0,0.0,7.595762326787885,4.565048284931329,0.0,0.0,0.0,22.590870627068057,17.26919564814643,6.161910027467921,0.0,14.351871490436281,30.18663295385594,0.0,0.0,0.0,12.841643245852019,10.589462429762332,0.0,0.0,0.0,0.0,0.0,0.0,30.18663295385594,20.37628563526728,4.565048284931329,0.0,12.841643245852019,0.0,0.0,0.0,0.0,57.53,7.595762326787885,4.565048284931329,0.0,6.161910027467921,6.4208216229260096,10.84837402522042,0.0,0.0,0.0,22.590870627068057,9.78682320550495,11.168064058956917,2.185992050894432,16.705867346938774,0.0,0.0,0.0,0.0,1.5643743827160494,0.0,-3.698742283950618,1.0,9,2,3,0,0,0,0,0,0,1,2,5,4,0,0,0,0,1.3793,45.03210000000003,0,0,0,0,0,0,0,0,0,0,0,0,0,0,0,0,0,0,0,0,0,0,0,0,0,1,0,0,0,0,0,0,0,0,0,0,0,0,0,0,0,0,0,0,1,0,0,0,0,0,0,0,0,0,0,0,0,0,0,0,0,0,0,0,0,0,0,0,0,0,0,0,0,0,0,0,0,0,0,0,0,0,0,1,0
10.029027777777777,10.029027777777777,0.09375,-3.762229938271606,0.4605892756933104,11.875,139.09099999999998,129.011,139.03982981,50,0,0.3251112556826168,-0.3304556941237136,0.3304556941237136,0.3251112556826168,1.5,2.0,2.125,31.190888587427757,10.505519448005021,2.092579489136554,-1.9845644188212914,2.3377651453837625,-2.0088202707344056,7.512462204526208,0.3716949559764705,1.5920001314822056,3.2596678537022945,98.70165766734146,6.621320343559642,4.448559689713005,5.342986880712922,3.5606601717798214,2.307050242315756,4.104654146019542,1.5305195155718017,3.3071014963392327,0.653525121157878,1.5523270730097711,0.2972581715916274,0.8917745147748822,0.10999999999999999,36.61600302409073,8.109999999999998,3.1982710523049778,6.1099999999999985,47.86043387437536,15.520490682667134,0.0,0.0,0.0,0.0,7.595762326787885,4.565048284931329,0.0,0.0,0.0,0.0,12.965578028838586,0.0,6.161910027467921,14.351871490436281,7.595762326787885,0.0,0.0,5.733667477162185,6.4208216229260096,12.706666433380496,0.0,0.0,0.0,5.733667477162185,0.0,0.0,7.595762326787885,22.493489638885446,4.565048284931329,0.0,6.4208216229260096,0.0,0.0,0.0,0.0,83.55000000000001,7.595762326787885,4.565048284931329,0.0,6.161910027467921,12.965578028838586,0.0,0.0,0.0,0.0,0.0,15.520490682667134,10.029027777777777,0.0,16.40861111111111,0.0,4.992361111111111,0.0,0.0,0.2993827160493827,0.33840277777777783,-3.762229938271606,1.0,8,4,4,0,0,0,0,0,0,2,3,5,3,0,0,0,0,-0.4871,30.582499999999992,0,0,0,0,0,0,0,0,0,0,0,0,0,0,0,0,0,1,0,0,0,0,0,0,0,0,0,0,0,0,0,0,0,0,0,0,0,0,0,0,0,0,0,0,0,0,0,0,0,0,0,0,0,0,0,0,0,0,0,0,0,0,0,0,0,0,0,0,0,0,0,0,0,0,0,0,0,0,0,0,0,0,0,0,0
9.686944444444444,9.686944444444444,0.09250000000000003,-3.659938271604939,0.386690126081663,11.833333333333334,221.918,217.886,221.894278618,38,0,0.33471597373753054,-0.3238889345366857,0.33471597373753054,0.3238889345366857,1.6666666666666667,1.8333333333333333,1.8333333333333333,126.91270410529886,11.9480521895048,2.0622057958233837,-1.9088292335973993,2.355273247475252,-1.7222669801557442,14.109210758032637,0.38021796532275887,1.3516441151533922,3.4788087181133602,74.86238311218402,5.207106781186548,2.8349603311595115,5.88688581333575,2.5606601717798214,1.1660631937643176,4.48924876955727,0.7842070535671756,4.399403755113028,0.15569950041239639,3.1333920028638733,0.0,0.0,0.8799999999999999,12.16479703638053,6.880000000000001,2.255093406168672,4.880000000000001,49.05249706961307,9.78682320550495,4.168640806836322,0.0,0.0,0.0,7.595762326787885,4.565048284931329,0.0,0.0,0.0,22.590870627068057,0.0,0.0,0.0,14.351871490436281,30.18663295385594,0.0,0.0,0.0,0.0,4.168640806836322,0.0,0.0,0.0,0.0,0.0,0.0,30.18663295385594,13.955464012341272,4.565048284931329,0.0,0.0,0.0,0.0,0.0,0.0,57.53,7.595762326787885,4.565048284931329,0.0,4.168640806836322,0.0,0.0,0.0,22.590870627068057,0.0,0.0,9.78682320550495,9.594444444444445,1.6310493827160495,15.86,0.0,0.0,0.0,0.0,0.0,0.0,-3.659938271604939,1.0,6,2,3,0,0,0,0,0,0,1,2,5,1,0,0,0,0,0.5566,30.931099999999994,0,0,0,0,0,0,0,0,0,0,0,0,0,0,0,0,0,0,0,0,0,0,0,0,0,1,0,0,0,0,0,0,0,0,0,0,0,0,0,0,0,0,0,0,1,0,0,0,0,0,0,0,0,0,0,0,0,0,0,0,0,0,0,0,0,0,0,0,0,0,0,0,0,0,0,0,0,0,0,0,0,0,0,0,0
11.377858717561098,11.377858717561098,0.5200617283950617,-4.3242361111111105,0.6659317992127849,13.545454545454545,192.07299999999998,184.00899999999996,192.016315406,68,0,0.388641031509017,-0.32442197836821224,0.388641031509017,0.32442197836821224,1.2727272727272727,1.7272727272727273,2.0,31.190888996341563,10.329175320960802,2.2730696367307557,-2.055038603185157,2.3638675458397342,-2.07165786935534,7.512448723549652,-0.13406631671612942,1.5536739848063479,3.5193108037352925,160.45544330721262,9.121320343559644,5.50510283955106,6.3995300305509755,4.707106781186548,2.8193020519590073,4.616905955662794,2.1070219581313396,3.8836039388987715,0.9096510259795036,1.8084529778313965,0.4854739516126274,1.0555299919692458,-0.06000000000000005,100.98880901241262,10.94,3.559264205416041,9.940000000000001,61.38209150053797,9.78682320550495,0.0,0.0,0.0,0.0,13.77206084423136,4.565048284931329,0.0,13.171245143024459,0.0,0.0,6.4208216229260096,6.4208216229260096,6.161910027467921,27.523116633460745,7.595762326787885,0.0,0.0,0.0,19.017941763295493,6.161910027467921,0.0,0.0,0.0,0.0,13.171245143024459,0.0,7.595762326787885,22.125031750416344,4.565048284931329,0.0,12.841643245852019,0.0,0.0,0.0,0.0,57.53,32.7756141175513,17.736293427955786,0.0,0.0,0.0,0.0,0.0,0.0,0.0,0.0,9.78682320550495,44.17776832955404,0.0,16.316490929705218,0.0,0.0,0.0,0.0,-6.686936728395061,0.0,-4.251766975308643,1.0,11,2,3,0,0,0,0,0,0,1,2,7,3,0,0,0,0,1.5066,32.2001,0,0,0,0,0,0,0,0,0,0,0,0,0,0,0,0,0,0,0,0,0,0,0,0,0,3,0,0,0,0,0,0,0,0,0,0,0,0,0,0,0,0,0,0,3,0,0,0,0,0,0,0,0,0,0,0,0,0,0,0,0,0,0,0,0,0,0,0,0,0,0,0,0,0,0,0,0,0,0,0,0,0,0,0,0
11.611420855379189,11.611420855379189,0.10801578408631074,-1.7883888678928372,0.46467952896919057,11.75,340.28400000000005,324.15600000000006,340.07943209199993,130,0,0.3451566639733049,-0.5016992098707758,0.5016992098707758,0.3451566639733049,1.125,1.6666666666666667,2.0833333333333335,16.561030783914752,10.142332326270743,2.2398286730741392,-2.1025007495719614,2.3687975469069236,-2.284511013257854,5.899744484790347,-0.16392199589995723,2.521433920605583,2.896208645027078,637.9037271990061,18.27565640300939,12.88498865641773,12.88498865641773,11.277294663077209,6.5636250625189305,6.5636250625189305,4.468994118831363,4.468994118831363,2.80786701187321,2.80786701187321,1.6917299691348482,1.6917299691348482,-3.2300000000000004,124735.33605235818,18.818146364949445,8.415026554497338,5.197290676911845,136.23418236212217,29.530171045922266,0.0,11.49902366656781,11.853478221032208,0.0,17.90791586385555,4.794537184071822,9.589074368143644,0.0,0.0,0.0,23.772205735454097,6.076020106833881,20.640416705481076,43.91378259813772,23.98393597068943,0.0,0.0,0.0,12.524788010674312,14.219595082555067,23.772205735454097,0.0,17.248535499851716,9.473725907600098,0.0,17.248535499851716,0.0,53.55105951868102,19.120474506015512,0.0,11.984273114623004,18.208754243757102,0.0,6.076020106833881,0.0,139.59,30.432703874529857,19.490138947056174,0.0,17.248535499851716,5.563451491696996,6.076020106833881,32.428349326312166,0.0,0.0,4.736862953800049,19.68678069728151,14.466675400200383,0.0,32.95902522750536,27.136741929702165,0.40607368564709834,-4.005178222000461,2.8205570777693794,-0.44978687097734826,0.0,2.6658917721534268,0.26666666666666666,24,3,9,0,0,0,1,0,1,7,3,9,8,0,0,0,1,0.8936999999999997,80.01340000000003,2,0,0,0,0,0,0,1,2,2,3,1,0,0,0,0,0,0,0,0,0,0,0,0,0,0,0,0,0,0,0,0,0,0,1,0,0,0,0,0,1,3,0,0,0,0,0,0,0,0,0,0,0,0,0,2,0,0,0,0,0,0,0,0,0,1,1,0,0,0,0,0,0,0,0,0,0,0,0,0,0,0,0,0,0
10.686259868144788,10.686259868144788,0.24575963718820848,-1.195765174897119,0.6794364235977355,11.117647058823529,261.327,254.27099999999996,260.991820464,84,0,0.3459922693132615,-0.47711441105641134,0.47711441105641134,0.3459922693132615,1.3529411764705883,2.176470588235294,2.764705882352941,32.13634161058848,10.23311544743205,2.075086623133342,-1.8890376537994142,2.318009179036089,-1.9609271283333702,7.213188985008072,-0.13159598508944273,2.954410394557057,2.3146804010414965,602.7391916843815,12.25071237662706,8.583273677529261,10.216266839384714,8.202708600407234,4.692788109797265,6.3889375019798855,3.1542851884916887,5.21733445314097,2.0282647563679066,4.126166731404961,1.2656886392736433,3.051609704362423,-1.8999999999999995,11814.68716783367,11.58146290652367,4.954241313650417,2.614431174883804,105.88772482549464,5.106527394840706,11.642325842861542,0.0,0.0,0.0,5.969305287951849,0.0,4.794537184071822,5.261891554738487,22.673571755869474,6.06636706846161,29.655184082684627,14.631441581103898,0.0,9.901064578912528,34.7188971506552,5.261891554738487,0.0,0.0,0.0,0.0,40.09578276808292,0.0,15.823515700194873,0.0,0.0,0.0,22.673571755869474,11.075832682792555,4.794537184071822,11.33111286753076,4.877147193701299,35.21863557438162,0.0,15.83031449423648,0.0,61.09,5.969305287951849,4.794537184071822,0.0,5.573104530069267,0.0,14.631441581103898,17.412805984768617,17.40600719072701,29.645531044312357,0.0,10.368418949579192,0.0,3.0999870086923655,13.676779520450154,19.385951383639874,-0.24575963718820848,-1.195765174897119,9.385843936339969,1.392962962962963,0.0,0.0,0.0,17,1,3,0,0,0,0,2,2,4,1,5,3,0,0,0,2,3.468180000000001,68.85780000000003,1,0,0,0,0,0,0,0,1,1,1,0,0,0,0,1,0,0,0,0,0,0,0,0,0,0,0,0,0,0,0,0,0,0,0,0,0,0,0,0,0,0,0,0,0,0,0,0,0,0,0,0,0,0,0,0,0,1,0,0,0,0,0,0,0,0,0,0,0,0,0,0,0,0,0,0,0,0,0,0,0,0,2,0,0
11.145076136339457,11.145076136339457,0.12628074652853694,-1.190510024487297,0.5340695317575752,19.413793103448278,406.55100000000016,380.3430000000001,406.1714990719999,150,0,0.3459922692978557,-0.477114411056431,0.477114411056431,0.3459922692978557,1.1379310344827587,1.7241379310344827,2.2413793103448274,32.1335607565272,9.689092633650885,2.396405934009658,-2.4795665975538,2.5044286010692365,-2.4423277597362234,7.159201288832988,-0.13159902448850705,3.124871197405445,1.8551238023530243,1027.7851948274208,20.974327015758657,17.373315838121922,18.189812419049648,13.620158812638863,10.015489552257792,10.831986133185518,9.351772883327342,10.46712795497775,6.4465959312303385,7.527930312008758,4.452541149624798,5.391119525978571,-2.58,3319663.168366911,19.72416236682825,6.741301733782005,3.359757149049321,175.6449540621942,10.006437125691184,11.642325842861542,0.0,0.0,0.0,5.969305287951849,0.0,4.794537184071822,5.261891554738487,11.336785877934737,27.694948798762496,70.70346704041688,28.53119347391131,0.0,9.901064578912528,29.06949754740403,5.261891554738487,0.0,0.0,51.366572983408076,17.98942254267563,45.842622981011,0.0,16.50981999819057,4.899909730850478,5.687386274683562,0.0,11.336785877934737,24.165345494617704,15.624518122865382,11.33111286753076,56.540642221709795,29.83857280391571,0.0,16.516618792232176,0.0,64.33,5.969305287951849,4.794537184071822,0.0,16.403085468862827,0.0,35.685450445079766,39.79054673454317,6.069221312792274,12.13273413692322,44.7275926665362,10.368418949579192,0.0,1.531598639455782,15.587018884181376,18.144492598766657,5.451708138425762,-1.190510024487297,10.339522009242428,3.7423968562402004,11.560439564841758,0.0,0.4166666666666667,29,1,4,0,2,2,1,1,2,4,1,5,3,0,0,0,4,5.5756800000000055,118.47980000000005,1,0,0,0,0,0,0,0,1,1,1,0,0,0,0,2,0,0,0,0,0,0,0,0,0,0,0,0,0,1,0,0,0,0,1,0,0,0,0,0,0,0,0,0,0,0,0,0,0,0,0,0,0,0,0,0,0,1,0,0,0,0,0,0,0,0,0,0,0,0,0,0,0,0,0,0,0,0,0,0,0,0,1,0,0
11.973256330309901,11.973256330309901,0.1592592592592592,-4.4196097883597885,0.7377059638869685,11.307692307692308,190.11999999999998,185.07999999999996,190.02416406,70,0,0.41591028353472903,-0.47763924847426276,0.47763924847426276,0.41591028353472903,1.1538461538461537,1.6153846153846154,1.9230769230769231,19.413170189587852,10.129825823137596,2.295922419637677,-2.049932183820249,2.284355306065527,-2.0510944157971003,5.870261428848768,-0.1371483978544447,2.0282594982022895,3.0087408289185595,313.15617847985413,10.060477932315068,6.298756381750005,6.298756381750005,5.90970216816285,3.31604485754167,3.31604485754167,2.3802619026407443,2.3802619026407443,1.4591775898850783,1.4591775898850783,0.8017870850062373,0.8017870850062373,-1.52,608.4778494606868,9.567108013937284,3.082443328498343,2.206729259196792,71.61364940930866,5.106527394840706,0.0,0.0,0.0,0.0,12.145603805395325,0.0,4.794537184071822,13.171245143024459,0.0,0.0,24.26546827384644,0.0,11.126902983393991,23.07230972193699,5.969305287951849,0.0,0.0,0.0,6.176298517443475,0.0,35.392371257240434,0.0,0.0,0.0,13.171245143024459,0.0,0.0,11.075832682792555,6.176298517443475,0.0,15.921440167465814,24.26546827384644,0.0,0.0,0.0,37.3,17.70905529709232,17.96578232709628,0.0,5.563451491696996,0.0,24.26546827384644,0.0,0.0,0.0,0.0,5.106527394840706,35.919768990929704,0.0,10.280657123960696,8.397262849584278,-1.0087962962962962,-1.2419217687074833,3.3226388888888883,-4.4196097883597885,0.0,0.0,0.125,13,1,2,0,0,0,1,0,1,1,1,5,1,0,0,0,1,2.403600000000001,38.40330000000001,0,0,0,0,1,0,0,0,1,1,1,0,0,0,0,0,0,0,0,0,0,0,0,0,0,3,0,0,0,0,0,0,0,0,1,0,0,0,0,0,0,0,0,0,3,0,0,0,0,0,0,0,0,0,0,0,0,0,0,0,0,0,0,0,0,0,0,0,0,0,0,0,0,0,0,0,0,0,0,0,0,0,0,0,0
10.312226001511716,10.312226001511716,0.3385185185185189,-0.8749999999999998,0.6374596390700276,9.3,136.15,128.08599999999998,136.052429496,52,0,0.33517857168901455,-0.47763924871448865,0.47763924871448865,0.33517857168901455,1.3,1.8,2.2,16.365530866967035,10.151901950523749,1.979340608599037,-1.923315885087571,2.012474974458585,-1.9402839805421745,5.869814428148346,0.06966669716323245,1.8845053612018057,3.003400684579817,235.93943338088374,7.560477932315068,5.664862962722325,5.664862962722325,4.698377302757663,2.9990981480278296,2.9990981480278296,2.1711779681929224,2.1711779681929224,1.298517421197756,1.298517421197756,0.6961381818349568,0.6961381818349568,-1.31,180.91251467537336,6.805074798619103,2.5185440606017586,1.34501586290279,59.11704320052995,5.106527394840706,0.0,0.0,0.0,0.0,5.969305287951849,0.0,4.794537184071822,0.0,0.0,17.696185628620217,19.056471336613843,0.0,5.563451491696996,9.901064578912528,5.969305287951849,0.0,0.0,0.0,6.923737199690624,0.0,35.392371257240434,0.0,0.0,0.0,0.0,0.0,0.0,11.075832682792555,0.0,6.923737199690624,15.921440167465814,24.26546827384644,0.0,0.0,0.0,37.3,5.969305287951849,4.794537184071822,0.0,0.0,5.563451491696996,5.563451491696996,0.0,24.26546827384644,6.923737199690624,0.0,5.106527394840706,0.0,0.0,10.312226001511716,8.475706727135298,1.412592592592593,-0.8749999999999998,6.752222222222223,0.0,1.922252456538171,0.0,0.125,10,1,2,0,0,0,1,0,1,1,1,2,1,0,0,0,1,1.69322,38.13830000000001,0,0,0,0,1,0,0,0,1,1,1,0,0,0,0,0,0,0,0,0,0,0,0,0,0,0,0,0,0,0,1,0,0,0,1,0,0,0,0,0,0,0,0,0,0,0,0,0,0,0,0,0,0,0,0,0,0,0,0,0,0,0,0,0,0,0,0,0,0,0,0,0,0,0,0,0,0,0,0,0,0,0,0,0,0
12.117592592592592,12.117592592592592,0.6284259259259257,-4.656087962962963,0.7357101909893033,11.307692307692308,191.10799999999995,187.07599999999996,191.019413028,70,0,0.41686304914911715,-0.47758723103192474,0.47758723103192474,0.41686304914911715,1.4615384615384615,2.076923076923077,2.4615384615384617,19.413175918512415,10.124567829051967,2.3457658811262987,-2.0765071287968095,2.3064072760496335,-2.124022511014584,5.886538510515834,-0.13769708916898424,2.0261877945339815,3.2832639201778533,334.75469402545093,10.060477932315068,6.168619708060337,6.168619708060337,5.926538920568457,3.1717590345130326,3.1717590345130326,2.224170411180963,2.224170411180963,1.3568826255899615,1.3568826255899615,0.8120743497397257,0.8120743497397257,-1.59,609.8825261547285,9.497642418930763,3.0411121345816894,1.9543018823452594,70.83329739025518,5.106527394840706,0.0,0.0,0.0,0.0,12.145603805395325,4.9839785209472085,4.794537184071822,13.171245143024459,0.0,0.0,6.06636706846161,12.393687143226153,11.126902983393991,23.07230972193699,5.969305287951849,0.0,4.9839785209472085,0.0,6.176298517443475,0.0,29.58695719508175,0.0,0.0,0.0,13.171245143024459,0.0,0.0,16.059811203739763,6.176298517443475,0.0,15.921440167465814,18.460054211687762,0.0,0.0,0.0,50.19,23.272506788789315,17.96578232709628,0.0,0.0,12.263210640074686,6.196843571613076,0.0,0.0,0.0,4.9839785209472085,5.106527394840706,36.352777777777774,0.0,13.627685185185186,8.388981481481482,-2.0231481481481475,-1.6384953703703709,0.6284259259259257,-3.086226851851852,0.0,0.0,0.14285714285714285,13,1,3,0,0,0,0,1,1,2,1,6,1,0,0,0,1,1.7986000000000002,36.19830000000001,0,0,0,0,1,1,0,0,1,1,1,0,0,0,0,1,0,0,0,0,0,0,0,0,0,3,0,0,0,0,0,0,0,0,0,0,0,0,0,0,0,0,0,0,3,0,0,0,0,0,0,0,0,0,0,0,0,0,0,0,0,0,0,0,0,0,0,0,0,0,0,0,0,1,0,0,0,0,0,0,0,0,0,0,0
10.45664210128496,10.45664210128496,0.151018518518518,-4.078225308641974,0.6878743034902152,11.454545454545455,192.623,187.58299999999997,191.9647927,60,0,0.29401221442718434,-0.28179187355565455,0.29401221442718434,0.28179187355565455,1.1818181818181819,1.6363636363636365,2.0,35.49569128203629,10.364410102708987,2.0661778566630375,-1.9403401705077084,2.1245397865032993,-1.9603123470495447,7.854204406058943,0.4829561697257585,1.8607638717481272,3.2015159310664942,340.59507449357193,8.483127663125444,5.3593240166592775,6.931749543605458,4.999018565639891,2.730381105950853,4.54840890776072,1.9289864904596665,3.786959471378996,1.1114971123529356,2.2313576448059713,0.6065658344759646,1.2125751017459205,-0.5800000000000001,230.73472009676777,8.515969289827256,2.808706364466785,2.181172260998148,69.36330535641926,0.0,0.0,0.0,0.0,10.118126859033554,0.0,4.552749873690364,0.0,8.417796984328938,0.0,11.600939890232516,24.26546827384644,5.022633313741326,4.895483475517775,12.9705468580193,21.71906674926607,0.0,0.0,0.0,4.895483475517775,0.0,29.288101587587764,0.0,0.0,0.0,0.0,0.0,11.600939890232516,12.9705468580193,10.118126859033554,0.0,0.0,29.160951749364212,5.022633313741326,0.0,0.0,54.370000000000005,10.118126859033554,8.417796984328938,0.0,4.895483475517775,5.022633313741326,0.0,24.26546827384644,0.0,0.0,0.0,16.15368976392288,29.422295918367347,5.4852966742252445,-0.151018518518518,0.4281481481481486,0.0,0.0,5.254614197530865,0.0,0.0,-4.078225308641974,0.0,11,1,3,0,0,0,1,0,1,2,1,5,1,0,0,0,1,1.5867000000000002,41.26660000000001,0,0,0,0,0,0,0,0,0,0,0,0,0,0,0,0,0,0,0,0,0,0,0,0,0,0,0,0,0,0,0,0,0,0,1,0,0,0,0,0,0,0,0,0,1,0,0,0,0,0,0,0,0,0,0,0,0,0,0,0,0,0,0,0,0,0,0,0,0,0,0,0,0,0,0,0,0,0,0,0,0,0,0,0,0
8.702038926681784,8.702038926681784,0.46370370370370395,-1.4019387755102037,0.5546062783600426,9.363636363636363,151.958,142.88599999999997,152.064474548,58,0,0.4879218494286291,-0.49676924081730905,0.49676924081730905,0.4879218494286291,1.1818181818181819,1.7272727272727273,2.090909090909091,16.465370914429755,9.804145406928447,2.086149333976336,-2.003342479146523,2.047547860723345,-2.2871245869171712,6.58078189200978,0.4138678678973828,2.0456060352867365,2.827408604100177,219.63222484795858,8.267584713501616,6.18942682741191,6.18942682741191,5.236382105218448,3.2388125548308486,3.2388125548308486,2.146828682545867,2.146828682545867,1.4139443567397352,1.4139443567397352,0.77604298410263,0.77604298410263,-0.9950649350649353,335.4793897870248,8.104885738628568,3.4117707061874136,1.9625492871245054,65.39096198428604,14.784908103932054,5.749511833283905,0.0,0.0,0.0,7.118392334224363,0.0,0.0,0.0,0.0,12.13273413692322,17.595537397338052,0.0,7.109797541277533,14.784908103932054,12.581195594639196,0.0,0.0,0.0,0.0,7.109797541277533,24.26546827384644,0.0,5.749511833283905,10.199666214214883,0.0,5.749511833283905,0.0,24.276235025633902,0.0,0.0,0.0,24.26546827384644,0.0,0.0,0.0,49.69,7.118392334224363,0.0,0.0,0.0,11.212315093698738,0.0,0.0,31.37526581512397,0.0,0.0,14.784908103932054,4.885644368858655,0.0,0.0,17.404077853363567,0.46370370370370395,0.7031481481481483,6.552129629629629,0.0,0.0,0.1579629629629633,0.14285714285714285,11,2,3,0,0,0,1,0,1,3,2,4,2,0,0,0,1,-0.6250000000000002,42.81960000000002,0,0,0,0,0,0,0,0,0,0,0,0,0,0,0,0,0,0,0,0,0,0,0,0,0,0,0,0,0,0,0,0,0,0,1,0,0,0,0,0,0,1,0,0,0,0,0,0,0,0,0,0,0,0,0,1,0,0,0,0,0,0,0,0,0,0,0,0,0,0,0,0,0,0,0,0,0,0,0,0,0,0,0,0,0
8.908080120937264,8.908080120937264,0.34370370370370407,-1.5101851851851855,0.6114727681746772,9.538461538461538,181.984,170.89599999999996,182.075039232,70,0,0.48819309098074803,-0.4966429561284337,0.4966429561284337,0.48819309098074803,1.0,1.4615384615384615,1.7692307692307692,16.475950302581687,9.800059677991314,2.1285759239608746,-2.0666243766005468,2.1655076528258723,-2.292743516987197,6.582732086897015,0.3924091416968473,2.1646845969511994,3.070483906581427,265.2225576000726,9.844934982691242,7.520324848686148,7.520324848686148,6.168233757796585,3.7618685930496025,3.7618685930496025,2.5196677900655344,2.5196677900655344,1.6719158448531863,1.6719158448531863,0.9785164775060121,0.9785164775060121,-1.1950649350649352,844.2269928109678,9.889645399595892,4.158399147437974,2.368813120774823,76.8694493281895,19.521771057732103,11.49902366656781,0.0,0.0,0.0,7.118392334224363,0.0,0.0,0.0,0.0,0.0,17.595537397338052,6.06636706846161,14.219595082555067,19.521771057732103,12.581195594639196,0.0,0.0,0.0,0.0,14.219595082555067,18.19910120538483,0.0,11.49902366656781,14.936529168014932,0.0,11.49902366656781,0.0,31.386032566911435,0.0,0.0,0.0,18.19910120538483,0.0,0.0,0.0,58.92,7.118392334224363,0.0,0.0,0.0,16.961826926982642,0.0,26.352329219478285,6.06636706846161,0.0,0.0,19.521771057732103,9.890555555555556,0.0,0.0,17.816160241874528,0.34370370370370407,1.060092592592593,4.728425925925926,0.0,0.0,1.4943953136810275,0.25,13,2,4,0,0,0,1,0,1,4,2,5,3,0,0,0,1,-0.6164,49.37160000000002,0,0,0,0,0,0,0,0,0,0,0,0,0,0,0,0,0,0,0,0,0,0,0,0,0,0,0,0,0,0,0,0,0,0,1,0,0,0,0,0,0,2,0,0,0,0,0,0,0,0,0,0,0,0,0,2,0,0,0,0,0,0,0,0,0,0,0,0,0,0,0,0,0,0,0,0,0,0,0,0,0,0,0,0,0
9.030859788359788,9.030859788359788,0.2819444444444448,-1.5706424792139082,0.6514484694844652,9.666666666666666,212.00999999999996,198.90599999999995,212.085603916,82,0,0.48819798583310603,-0.4927337569093784,0.4927337569093784,0.48819798583310603,0.9333333333333333,1.4,1.6666666666666667,16.53018789367583,9.79809254338572,2.1856995104731034,-2.1311836934429094,2.3496955734561267,-2.2950919531218634,6.583309115894668,0.3241503783953684,2.2613788342639753,3.2879642552696997,314.2697430928936,11.422285251880869,8.851222869960385,8.851222869960385,7.133758915185936,4.296890759555771,4.296890759555771,2.832342199329886,2.832342199329886,1.9851990821323122,1.9851990821323122,1.2504382088458834,1.2504382088458834,-1.3950649350649351,2193.537469236056,11.678437804582634,4.904217525708049,2.34159721851764,88.34793667209298,24.258634011532152,0.0,11.49902366656781,5.749511833283905,0.0,7.118392334224363,0.0,0.0,0.0,0.0,0.0,17.595537397338052,0.0,21.3293926238326,24.258634011532152,12.581195594639196,0.0,0.0,0.0,0.0,21.3293926238326,12.13273413692322,0.0,17.248535499851716,19.67339212181498,0.0,17.248535499851716,0.0,38.49583010818897,0.0,0.0,0.0,12.13273413692322,0.0,0.0,0.0,68.15,7.118392334224363,0.0,0.0,5.462803260414833,17.248535499851716,0.0,33.46212676075582,0.0,0.0,0.0,24.258634011532152,15.164348072562358,0.0,0.0,18.061719576719575,0.2819444444444448,1.1984259259259264,2.9563888888888887,0.0,0.0,2.8371730914588054,0.3333333333333333,15,2,5,0,0,0,1,0,1,5,2,6,4,0,0,0,1,-0.6078000000000003,55.92360000000003,0,0,0,0,0,0,0,0,0,0,0,0,0,0,0,0,0,0,0,0,0,0,0,0,0,0,0,0,0,0,0,0,0,0,1,0,0,0,0,0,0,3,0,0,0,0,0,0,0,0,0,0,0,0,0,3,0,0,0,0,0,0,0,0,0,0,0,0,0,0,0,0,0,0,0,0,0,0,0,0,0,0,0,0,0
9.243055555555555,9.243055555555555,0.2777777777777779,-0.9675925925925923,0.42117088793654706,7.4,75.067,70.027,75.0320284,30,0,0.31675597840558584,-0.4802971300243957,0.4802971300243957,0.31675597840558584,2.0,2.2,2.2,16.366059254527034,10.717499991234314,1.805032142420421,-1.726114540149436,1.43390247565876,-2.1042293463557664,5.680936538605491,-0.1348391979770351,1.3787834934861756,2.847378923087672,42.91260938324327,4.284457050376173,2.639918936339994,2.639918936339994,2.270055610029662,1.1895326240390474,1.1895326240390474,0.5978626884552846,0.5978626884552846,0.17462042625086102,0.17462042625086102,0.0,0.0,-0.5700000000000001,9.65148445440323,4.43,1.7215451895043727,3.429999999999999,29.39983969147865,10.84019487200289,0.0,0.0,0.0,0.0,5.969305287951849,4.794537184071822,0.0,0.0,0.0,0.0,0.0,0.0,6.544756405912575,9.901064578912528,5.969305287951849,0.0,0.0,5.733667477162185,0.0,6.544756405912575,0.0,0.0,0.0,5.733667477162185,0.0,0.0,0.0,17.62058908870513,4.794537184071822,0.0,0.0,0.0,0.0,0.0,0.0,63.32000000000001,5.969305287951849,4.794537184071822,0.0,6.544756405912575,0.0,0.0,0.0,0.0,0.0,5.733667477162185,5.106527394840706,0.0,0.0,9.243055555555555,7.597222222222222,4.5717592592592595,-0.9675925925925923,0.0,0.0,-0.2777777777777779,0.0,0.5,5,3,3,0,0,0,0,0,0,2,2,3,1,0,0,0,0,-0.9702999999999999,16.6902,1,0,0,0,0,0,0,0,1,1,1,0,0,0,0,0,0,1,0,0,0,0,0,0,0,0,0,0,0,0,0,0,0,0,0,0,0,0,0,0,0,0,0,0,0,0,0,0,0,0,0,0,0,0,0,0,0,0,0,0,0,0,0,0,0,0,0,0,0,0,0,0,0,0,0,0,0,0,0,0,0,0,0,0,0
9.574074074074074,9.574074074074074,0.7314814814814816,-0.962962962962963,0.4513521877377077,13.666666666666666,89.09399999999998,82.03799999999998,89.047678464,36,0,0.3196779563386595,-0.4800942338470611,0.4800942338470611,0.3196779563386595,2.0,2.1666666666666665,2.1666666666666665,16.367425029932832,10.385340795249778,1.9902887517857772,-1.8970694528403398,1.6766102095077626,-2.2500042064386903,5.718631580202891,-0.13756290275528452,1.3609640474436813,3.2575861612334887,59.813537528125096,5.1547005383792515,3.5101624243430725,3.5101624243430725,2.6427344100918364,1.6270896800996826,1.6270896800996826,1.1269128025836794,1.1269128025836794,0.38952755606530876,0.38952755606530876,0.0,0.0,-0.5700000000000001,13.609640474436812,5.43,1.7676338396942162,1.7215451895043727,35.76478180587526,10.84019487200289,6.041840829147961,0.0,0.0,0.0,5.969305287951849,4.794537184071822,0.0,0.0,0.0,0.0,6.923737199690624,0.0,0.0,9.901064578912528,5.969305287951849,0.0,0.0,5.733667477162185,12.965578028838586,0.0,0.0,0.0,0.0,5.733667477162185,0.0,0.0,0.0,17.117673511940517,4.794537184071822,0.0,6.923737199690624,0.0,0.0,0.0,0.0,63.32000000000001,12.011146117099809,4.794537184071822,0.0,0.0,0.0,0.0,6.923737199690624,0.0,0.0,0.0,10.84019487200289,0.0,0.0,9.574074074074074,7.8657407407407405,4.835648148148148,-0.962962962962963,-0.7314814814814816,0.0,1.4189814814814814,0.0,0.6666666666666666,6,3,3,0,0,0,0,0,0,2,2,3,1,0,0,0,0,-0.5817999999999999,21.285200000000003,1,0,0,0,0,0,0,0,1,1,1,0,0,0,0,0,0,1,0,0,0,0,0,0,0,0,0,0,0,0,0,0,0,0,0,0,0,0,0,0,0,0,0,0,0,0,0,0,0,0,0,0,0,0,0,0,0,0,0,0,0,0,0,0,0,0,0,0,0,0,0,0,0,0,0,0,0,0,0,0,0,0,0,0,0
9.833307823129251,9.833307823129251,0.24722222222222223,-0.7375462962962962,0.5168472924546186,9.125,117.14799999999998,106.05999999999997,117.078978592,48,0,0.3028404086507395,-0.48123038503659377,0.48123038503659377,0.3028404086507395,1.5,2.125,2.5,16.36511949234118,10.230601736284255,1.923663401822551,-1.8955813375268153,1.906994893203747,-2.002421514643085,5.6601712837252345,-0.13663155238517302,1.6646727945202302,2.822354554248032,72.82892142331043,6.405777393935816,4.761239279899637,4.761239279899637,3.770055610029662,2.689532624039047,2.689532624039047,1.6395204590047137,1.6395204590047137,0.8447663120195235,0.8447663120195235,0.42056329245031904,0.42056329245031904,-0.5700000000000001,48.27551104108667,7.43,4.58552099533437,5.43,48.49466603466847,10.84019487200289,0.0,0.0,0.0,0.0,5.969305287951849,4.794537184071822,0.0,0.0,0.0,0.0,19.386399651764595,6.4208216229260096,0.0,9.901064578912528,5.969305287951849,0.0,0.0,5.733667477162185,19.26246486877803,6.544756405912575,0.0,0.0,0.0,5.733667477162185,0.0,0.0,0.0,17.62058908870513,4.794537184071822,0.0,19.26246486877803,0.0,0.0,0.0,0.0,63.32000000000001,5.969305287951849,4.794537184071822,0.0,6.4208216229260096,12.965578028838586,6.4208216229260096,0.0,0.0,0.0,0.0,10.84019487200289,0.0,0.0,9.833307823129251,8.099288548752835,5.121801776266062,-0.7375462962962962,0.0,1.759259259259259,0.5905555555555555,0.0,0.8,8,3,3,0,0,0,0,0,0,2,2,3,4,0,0,0,0,0.20000000000000012,30.54119999999999,1,0,0,0,0,0,0,0,1,1,1,0,0,0,0,0,0,1,0,0,0,0,0,0,0,0,0,0,0,0,0,0,0,0,0,0,0,0,0,0,0,0,0,0,0,0,0,0,0,0,0,0,0,0,0,0,0,0,0,0,0,0,0,0,0,0,0,0,0,0,0,0,0,0,0,0,0,0,0,0,0,0,0,1,0
10.068703703703704,10.068703703703704,0.3703703703703707,-0.8553240740740742,0.6210414168332357,9.0,128.152,124.11999999999998,127.993200368,42,0,0.33603147832165825,-0.4776180389376339,0.4776180389376339,0.33603147832165825,1.75,2.5,2.75,32.13338625966527,10.356534728152685,1.980849220634655,-1.7842423987412084,2.036868139916065,-1.9033187983459683,7.0766995103698065,0.06972714045763305,2.1159680315697544,2.9283752374267684,178.3185566594942,5.983127663125442,3.9957609839965613,4.812257564924288,3.8045304526403108,2.0598190662959017,3.002628107877965,1.317177689510296,2.097211003857629,0.7681260837322589,1.4513603446575571,0.3861569976215299,1.015894011870619,-0.8300000000000001,93.1025933890692,5.309470013947001,1.961225714690048,0.8692020605459402,50.39246435654484,5.106527394840706,0.0,0.0,0.0,0.0,5.969305287951849,0.0,4.794537184071822,11.336785877934737,0.0,0.0,11.446429838927525,5.380062770465915,5.563451491696996,9.901064578912528,17.306091165886585,0.0,0.0,0.0,0.0,0.0,22.389944101090435,0.0,0.0,0.0,0.0,0.0,11.336785877934737,11.075832682792555,0.0,0.0,10.357988675768818,16.82649260939344,0.0,0.0,0.0,37.3,5.969305287951849,4.794537184071822,0.0,0.0,5.563451491696996,0.0,11.336785877934737,16.82649260939344,0.0,0.0,5.106527394840706,0.0,1.3870833333333332,10.068703703703704,11.619444444444444,0.3703703703703707,-0.8553240740740742,1.5763888888888888,0.0,0.0,0.0,0.0,8,1,2,0,0,0,0,1,1,2,1,3,1,0,0,0,1,1.4463,31.278299999999994,0,0,0,0,1,0,0,0,1,1,1,0,0,0,0,0,0,0,0,0,0,0,0,0,0,0,0,0,0,0,0,0,0,0,0,0,0,0,0,0,0,0,0,0,0,0,0,0,0,0,0,0,0,0,0,0,0,0,0,0,0,0,0,0,0,0,0,0,0,0,0,0,0,0,0,0,0,0,0,0,0,0,1,0,0
11.00450578588746,11.00450578588746,0.08558536995044852,-3.936403910899461,0.44543923412915715,13.25,477.08900000000017,460.9610000000002,474.91836882199993,128,0,0.3250631100831302,-0.45289533993131786,0.45289533993131786,0.3250631100831302,0.9583333333333334,1.5,2.0,79.91976168268553,10.129256764010146,2.2441439557102387,-2.3273167674216966,2.479813428832204,-2.2223420484169076,9.104505760644054,0.3708542891983883,2.485542813153023,1.8576119720936337,757.1595743140015,17.31962647737941,12.653808648829958,16.720228918059284,11.332318457408356,7.424523820266951,10.80812426308544,5.573191084209048,9.181124122559854,3.726337195258412,5.611642424544383,2.662229676063951,3.977941754503569,-0.8500000000000001,211986.975448195,17.956532573940056,7.179212986528368,4.212548978488096,156.60231666135107,19.423595890155475,0.0,11.49902366656781,0.0,0.0,7.595762326787885,4.565048284931329,0.0,0.0,0.0,31.859887795898697,49.239845656621675,21.652105465045324,11.374772549367124,19.08873444423633,50.83042267205371,0.0,0.0,0.0,12.841643245852019,17.606576164230972,45.34364144243449,0.0,11.49902366656781,9.636772684650527,11.374772549367124,11.49902366656781,39.455650122686585,22.493489638885446,4.565048284931329,0.0,12.841643245852019,45.34364144243449,0.0,0.0,0.0,70.0,7.595762326787885,4.565048284931329,0.0,6.161910027467921,19.386399651764595,31.81923524759976,0.0,0.0,36.39820241076966,36.759797526749175,14.523686159304999,18.871450423735624,6.912106430075856,20.12831892587665,0.0,1.8966704459561607,1.5091908383723864,11.702168647294307,1.062703792936929,0.6593499622071052,-3.936403910899461,0.25,24,2,5,0,1,1,2,0,2,3,2,8,5,0,0,0,3,5.413300000000004,101.50910000000002,0,0,0,0,0,0,0,0,0,0,0,0,0,0,0,1,0,0,0,0,0,0,0,0,0,0,0,0,0,2,0,0,0,0,2,0,2,0,0,0,0,1,0,0,2,0,0,0,0,0,0,0,0,0,0,0,0,0,0,0,0,0,0,0,0,0,0,0,0,0,0,0,0,0,0,0,0,0,0,0,0,0,0,1,0
10.554992703871672,10.554992703871672,0.07027777777777766,-1.2275285546317296,0.333294737123963,10.7,292.244,276.116,292.09066547199996,114,0,0.3172181189756388,-0.48028566397731876,0.48028566397731876,0.3172181189756388,0.55,0.75,0.9,16.378783877059032,10.354887847928875,2.1745162507608815,-2.22925315221081,1.9382812708061972,-2.4286135794610035,5.729352814294015,-0.14485538593801606,2.2171767300907814,4.494378506622938,315.45388105272013,15.706742302257043,10.558915421974486,10.558915421974486,9.201285058155639,5.522503930401766,5.522503930401766,3.99626408692692,3.99626408692692,2.1679243252553717,2.1679243252553717,1.4760222490365573,1.4760222490365573,-2.1999999999999997,10500.548993709941,17.8,8.824913727800691,9.791851516523314,113.36642080676489,20.426109579362823,0.0,0.0,0.0,0.0,23.877221151807397,28.97796819798824,0.0,0.0,0.0,0.0,0.0,13.08951281182515,26.1790256236503,39.60425831565011,23.877221151807397,0.0,9.799819461700956,0.0,0.0,39.26853843547545,0.0,0.0,0.0,0.0,0.0,0.0,0.0,93.37168862834665,19.178148736287287,0.0,0.0,0.0,0.0,0.0,0.0,155.68,50.056246775457694,19.178148736287287,0.0,13.08951281182515,0.0,9.799819461700956,0.0,0.0,0.0,0.0,20.426109579362823,0.0,0.0,44.36157323423197,34.465751868648695,0.0,-4.910114218526917,0.0,0.0,-2.250544217687075,0.0,0.6,20,4,10,0,0,0,0,0,0,6,4,10,11,0,0,0,0,-2.0711999999999957,63.423200000000016,4,0,0,0,0,0,0,0,4,4,4,0,0,0,0,2,0,0,0,0,0,0,0,0,0,0,0,0,0,0,0,0,0,0,0,0,0,0,0,0,0,0,0,0,0,0,0,0,0,0,0,0,0,0,0,0,0,0,0,0,0,0,0,0,0,0,0,0,0,0,0,0,0,0,0,0,0,0,0,0,0,0,0,0,0
10.554992703871672,10.554992703871672,0.07027777777777766,-1.2275285546317296,0.333294737123963,10.7,292.244,276.116,292.09066547199996,114,0,0.3172181189756388,-0.48028566397731876,0.48028566397731876,0.3172181189756388,0.55,0.75,0.9,16.378783877059032,10.354887847928875,2.1745162507608815,-2.22925315221081,1.9382812708061972,-2.4286135794610035,5.729352814294015,-0.14485538593801606,2.2171767300907814,4.494378506622938,315.45388105272013,15.706742302257043,10.558915421974486,10.558915421974486,9.201285058155639,5.522503930401766,5.522503930401766,3.99626408692692,3.99626408692692,2.1679243252553717,2.1679243252553717,1.4760222490365573,1.4760222490365573,-2.1999999999999997,10500.548993709941,17.8,8.824913727800691,9.791851516523314,113.36642080676489,20.426109579362823,0.0,0.0,0.0,0.0,23.877221151807397,28.97796819798824,0.0,0.0,0.0,0.0,0.0,13.08951281182515,26.1790256236503,39.60425831565011,23.877221151807397,0.0,9.799819461700956,0.0,0.0,39.26853843547545,0.0,0.0,0.0,0.0,0.0,0.0,0.0,93.37168862834665,19.178148736287287,0.0,0.0,0.0,0.0,0.0,0.0,155.68,50.056246775457694,19.178148736287287,0.0,13.08951281182515,0.0,9.799819461700956,0.0,0.0,0.0,0.0,20.426109579362823,0.0,0.0,44.36157323423197,34.465751868648695,0.0,-4.910114218526917,0.0,0.0,-2.250544217687075,0.0,0.6,20,4,10,0,0,0,0,0,0,6,4,10,11,0,0,0,0,-2.0711999999999957,63.423200000000016,4,0,0,0,0,0,0,0,4,4,4,0,0,0,0,2,0,0,0,0,0,0,0,0,0,0,0,0,0,0,0,0,0,0,0,0,0,0,0,0,0,0,0,0,0,0,0,0,0,0,0,0,0,0,0,0,0,0,0,0,0,0,0,0,0,0,0,0,0,0,0,0,0,0,0,0,0,0,0,0,0,0,0,0,0
13.818055555555556,13.818055555555556,0.8725925925925926,-2.776435185185184,0.6716334239302234,11.2,278.291,263.17099999999994,278.08605173,98,0,0.17051193682808505,-0.30863479945214684,0.30863479945214684,0.17051193682808505,0.45,0.7,0.95,31.164238902353187,10.35245259147513,2.283110516799067,-2.1921060271670822,2.41346446510018,-2.241904980780196,7.848950427828905,0.5922497687578562,2.5638813113805274,2.272149038700854,617.7209195571577,13.838652525367095,11.015715923808212,11.910143114808127,9.815515146567616,6.585445386653871,8.292234544823852,4.615918952187913,7.383655241425982,3.359405235804198,6.435481297320762,2.3609836896453444,5.031384222809607,-2.1099999999999994,65635.3615713415,12.900307824255123,5.482522408822963,2.2140387626514406,118.83519143171844,4.565048284931329,0.0,7.1418927340993115,0.0,0.0,0.0,0.0,0.0,0.0,0.0,90.99550602692418,0.0,15.913619688716722,0.0,4.565048284931329,23.055512422816033,0.0,0.0,0.0,0.0,0.0,90.99550602692418,0.0,0.0,15.913619688716722,0.0,0.0,7.1418927340993115,0.0,4.565048284931329,0.0,0.0,90.99550602692418,0.0,0.0,0.0,17.07,7.1418927340993115,4.565048284931329,0.0,0.0,0.0,15.913619688716722,0.0,0.0,90.99550602692418,0.0,0.0,13.818055555555556,0.0,0.0,2.6177777777777784,0.0,0.0,29.1461574074074,0.0,0.0,-2.776435185185184,0.0,20,0,1,0,0,0,3,0,3,1,0,2,3,0,0,0,3,3.3260000000000014,85.83450000000005,0,0,0,0,0,0,0,0,0,0,0,0,0,0,0,0,0,0,0,0,0,0,0,0,0,0,0,0,0,0,0,0,0,0,3,0,0,0,0,0,0,0,0,0,0,0,0,0,0,0,0,0,0,0,0,0,0,0,0,0,0,0,0,0,0,0,0,0,0,0,0,0,0,0,0,0,0,0,0,0,0,0,0,0,0
5.651388888888889,5.651388888888889,0.6357079868984631,-2.396496913580248,0.5977277142355135,12.0,221.37299999999993,198.18899999999996,221.14472012599998,86,0,0.5004732209673115,-0.37374399828448146,0.5004732209673115,0.37374399828448146,0.9285714285714286,1.3571428571428572,1.6428571428571428,28.390700577976265,10.503528168327733,2.3878699408613953,-2.277216158207088,2.168623133177759,-2.4576870195663516,6.602271417926076,0.0709648162709524,2.1605294429513613,4.210670443406352,118.20592425326386,10.86396103067893,9.544735827700501,10.544735827700501,6.7426406871192865,5.361519864097014,7.293371516675149,2.874279332756965,5.606330140325841,1.7798393687098562,4.931269815665704,1.3198143829493563,3.9594431488480697,0.056883116883116876,1050.0173092743617,14.05688311688312,8.372197402303255,5.066419437153193,88.09028716063763,19.011682555519936,0.0,0.0,0.0,0.0,8.80443515703238,0.0,0.0,0.0,0.0,0.0,33.736789627910454,25.864741670455228,0.0,13.278015078357752,8.80443515703238,0.0,0.0,5.733667477162185,33.23612899891435,26.36540229945133,0.0,0.0,0.0,5.733667477162185,0.0,0.0,0.0,35.16983745648371,13.278015078357752,0.0,27.19203322199788,0.0,6.044095776916472,0.0,0.0,53.71000000000001,8.80443515703238,0.0,0.0,0.0,26.36540229945133,12.46491739984248,0.0,0.0,20.771211599071872,0.0,19.011682555519936,16.954166666666666,0.0,0.0,0.0,5.479727891156463,0.0,0.8184722222222223,0.8950617283950617,8.443512849584279,-2.396496913580248,1.0,14,2,4,0,0,0,0,0,0,4,1,5,9,0,0,0,0,1.3835999999999997,59.11040000000004,0,0,0,0,0,0,0,0,0,0,0,0,0,0,0,0,0,1,0,0,0,0,0,0,0,0,0,0,0,0,0,0,0,0,0,0,0,0,0,0,0,0,0,0,0,0,0,0,0,0,0,0,0,0,0,0,0,0,0,0,0,0,0,0,0,0,0,0,0,0,0,0,0,0,0,0,0,0,0,0,0,0,0,0,0
9.035908919123205,9.035908919123205,0.08708333333333318,-0.09187830687830667,0.544872838506118,9.909090909090908,153.18099999999998,142.09299999999996,153.078978592,60,0,0.15716301740946287,-0.5042598931005379,0.5042598931005379,0.15716301740946287,1.1818181818181819,1.9090909090909092,2.4545454545454546,16.302876408563655,10.130943998020078,1.9803996246197508,-2.0003796531632445,2.2412474620052176,-2.0157163529298345,5.399890456757702,0.40290723882907575,1.9759469291265472,2.864712197425543,247.8474159248874,8.267584713501616,6.118041830131515,6.118041830131515,5.236382105218448,3.4470491482696803,3.4470491482696803,2.361741814448036,2.361741814448036,1.4728378331132814,1.4728378331132814,0.8911847589051202,0.8911847589051202,-1.2200000000000002,310.2236678728679,7.882249488752557,3.253808596667817,1.8475875859012925,65.08964554969491,15.946722266843596,0.0,11.49902366656781,0.0,0.0,0.0,0.0,0.0,0.0,0.0,6.06636706846161,30.6617636574588,0.0,0.0,10.213054789681411,0.0,0.0,0.0,5.733667477162185,6.4208216229260096,6.544756405912575,23.762552697081826,0.0,11.49902366656781,5.733667477162185,0.0,11.49902366656781,0.0,16.757811195593987,6.4208216229260096,0.0,5.563451491696996,18.19910120538483,0.0,0.0,0.0,66.48,0.0,0.0,0.0,11.49902366656781,12.965578028838586,5.563451491696996,12.13273413692322,6.06636706846161,0.0,0.0,15.946722266843596,0.0,0.0,0.0,17.966588246409675,6.237682350718065,-0.17896164021163985,4.712731481481482,0.7161111111111111,0.5458484504913076,0.0,0.25,11,4,3,0,0,0,1,0,1,3,3,3,2,0,0,0,1,0.5989999999999998,42.53000000000002,0,0,0,0,0,0,0,2,0,0,0,0,0,0,0,0,0,1,0,0,0,0,0,0,0,0,0,0,0,0,0,0,0,0,1,0,0,0,0,0,0,0,0,0,0,0,0,0,0,0,0,0,0,0,0,0,0,0,0,0,0,0,0,0,0,2,2,0,0,0,0,0,0,0,0,0,0,0,0,0,0,0,0,0,0
8.14875,8.14875,0.13888888888888884,0.13888888888888884,0.3837448438131587,9.428571428571429,105.137,94.04899999999999,105.078978592,44,0,0.05554536814885113,-0.3950544422943303,0.3950544422943303,0.05554536814885113,1.0,1.4285714285714286,1.7142857142857142,16.254553823256682,10.605024561584008,1.7767462865530008,-1.9438263183247884,1.5355105585590008,-2.208973610776818,4.3940948519450815,0.2665020535380258,1.690933805959686,2.447472887876344,28.870765403276856,5.535533905932738,4.222854315746106,4.222854315746106,3.414213562373095,2.339562313220223,2.339562313220223,1.1972135954999577,1.1972135954999577,0.5771601883432526,0.5771601883432526,0.2831138830084189,0.2831138830084189,-0.12,35.509609925153406,6.880000000000001,5.88,5.88,42.97240705901943,15.529843393687743,0.0,0.0,0.0,0.0,0.0,0.0,0.0,0.0,0.0,0.0,0.0,13.08951281182515,13.213763929025836,10.213054789681411,0.0,0.0,5.316788604006331,0.0,0.0,26.303276740850986,0.0,0.0,0.0,5.316788604006331,0.0,0.0,0.0,36.5163315305324,0.0,0.0,0.0,0.0,0.0,0.0,0.0,52.489999999999995,0.0,0.0,0.0,13.213763929025836,13.08951281182515,0.0,0.0,0.0,0.0,5.316788604006331,10.213054789681411,0.0,0.0,0.0,19.08222222222222,0.0,0.0,0.0,0.0,1.4177777777777778,0.0,1.0,7,3,3,0,0,0,0,0,0,3,3,3,4,0,0,0,0,-1.4393999999999998,27.041299999999993,0,2,2,0,0,0,0,0,0,0,0,0,0,0,0,0,1,0,0,0,0,0,0,0,0,0,0,0,0,0,0,0,0,0,0,0,0,0,0,0,0,0,0,0,0,0,0,0,0,0,0,0,0,0,0,0,0,0,0,0,0,0,0,0,0,0,0,0,0,0,0,0,0,0,0,0,0,0,0,0,0,0,0,2,0
10.256643361048123,10.256643361048123,0.2967318594104307,-4.057603103741496,0.5049562107253649,11.461538461538462,201.247,190.15899999999996,201.045964212,72,0,0.16827012588788,-0.7479407926657127,0.7479407926657127,0.16827012588788,1.1538461538461537,1.7692307692307692,2.3076923076923075,32.23973895881977,10.409851612288133,1.9989704459840028,-2.030601051620906,1.8769465710366071,-2.3272245914581973,7.8519315780129855,-0.696413430058932,2.0369395719577197,2.3689160076646076,346.91170553088625,9.73420451868201,7.088278446863184,7.90477502779091,6.078298261984863,3.954634013439307,5.531984282628931,2.728674105760085,4.252277467874357,1.5879562592826488,2.3766313938774624,1.0072899533684405,1.4899427888352947,-0.9400000000000001,717.0027293291173,10.142918739635157,4.33970298181322,4.592412400421684,77.58448494026925,4.552749873690364,6.544756405912575,12.393687143226153,0.0,0.0,0.0,0.0,12.984896632120293,0.0,0.0,6.06636706846161,0.0,24.306409366596018,10.118126859033554,17.537646505810656,10.118126859033554,0.0,0.0,0.0,12.965578028838586,5.752853606746789,30.59278834861098,0.0,0.0,4.567099647791355,0.0,0.0,0.0,18.72340046476609,16.662883264946128,0.0,6.4208216229260096,30.59278834861098,0.0,0.0,0.0,61.080000000000005,10.118126859033554,12.9705468580193,0.0,5.752853606746789,12.965578028838586,0.0,0.0,0.0,35.15988799640233,0.0,0.0,32.608402305366596,0.0,0.0,0.0,0.0,-0.2967318594104307,5.581580333522298,4.023171768707483,0.5578472222222222,-4.057603103741496,0.375,13,0,4,0,0,0,0,1,1,3,0,5,4,0,0,0,1,-0.09060000000000001,45.81820000000003,0,0,0,0,0,1,0,0,0,0,0,0,0,0,0,1,0,0,0,0,0,0,0,0,0,0,0,0,0,0,1,0,0,0,0,0,0,0,0,0,0,0,0,0,0,0,0,0,0,0,0,0,0,0,0,0,0,0,0,0,0,0,0,0,0,0,0,0,0,0,0,0,0,1,0,0,0,0,0,0,0,0,0,0,0
7.75,7.75,0.09722222222222232,0.09722222222222232,0.4055784163621654,7.5,61.083999999999996,54.028,61.052763844,26,0,0.0553245806721056,-0.3950627389113919,0.3950627389113919,0.0553245806721056,1.75,2.0,2.0,16.25070839298393,10.760281297011383,1.5579516127046704,-1.70722482188778,1.3253754886169684,-2.0158886772412905,4.171488089138785,0.3061301650671471,1.370950594454669,1.9747448713915894,8.0,3.414213562373095,2.4387774270626785,2.4387774270626785,1.914213562373095,1.2244760564807007,1.2244760564807007,0.5122819323447918,0.5122819323447918,0.12909944487358055,0.12909944487358055,0.0,0.0,-0.08,6.854752972273345,3.9200000000000004,2.92,1.9199999999999995,25.238317591434885,10.84019487200289,0.0,0.0,0.0,0.0,0.0,0.0,0.0,0.0,0.0,0.0,0.0,6.544756405912575,6.606881964512918,5.106527394840706,0.0,0.0,0.0,5.733667477162185,0.0,13.151638370425493,0.0,0.0,0.0,5.733667477162185,0.0,0.0,0.0,18.2581657652662,0.0,0.0,0.0,0.0,0.0,0.0,0.0,46.25,0.0,0.0,0.0,6.606881964512918,6.544756405912575,0.0,0.0,0.0,0.0,0.0,10.84019487200289,0.0,0.0,0.0,7.75,4.777777777777778,0.0,0.0,0.0,0.4722222222222223,0.0,1.0,4,3,2,0,0,0,0,0,0,2,2,2,1,0,0,0,0,-1.0626000000000002,16.140200000000004,0,1,1,0,0,0,0,0,0,0,0,0,0,0,0,0,0,1,0,0,0,0,0,0,0,0,0,0,0,0,0,0,0,0,0,0,0,0,0,0,0,0,0,0,0,0,0,0,0,0,0,0,0,0,0,0,0,0,0,0,0,0,0,0,0,0,0,0,0,0,0,0,0,0,0,0,0,0,0,0,0,0,0,0,0
10.928926681783825,10.928926681783825,0.09953703703703654,-3.984791666666666,0.7878738207910662,11.285714285714286,235.648,229.59999999999997,234.970606352,76,0,0.3352251890006375,-0.4776387400719252,0.4776387400719252,0.3352251890006375,1.4285714285714286,2.0,2.4285714285714284,35.49569320380346,10.20837458136838,2.1499506674549473,-2.016976500310366,2.207236702339641,-2.1328028773057097,7.888833130703169,0.06963842468944036,2.017961385431314,3.4429387680106793,482.463204004809,10.930721420318148,6.7675723071231415,8.339997834069322,6.320385770685809,3.3779067901598903,5.302190741090679,2.4953629354178197,4.432408004462427,1.484680698023627,2.87713741121332,0.8544284362293151,1.9256686460422825,-1.1099999999999999,863.6874729646024,10.967579519006982,3.5642490939988947,2.2229461377237953,85.15603390244281,5.106527394840706,4.895483475517775,0.0,10.023291153407584,0.0,5.969305287951849,0.0,18.3513079060087,0.0,0.0,11.600939890232516,18.19910120538483,0.0,10.586084805438322,18.318861563241462,27.59353633159195,0.0,0.0,5.138973737607942,4.895483475517775,0.0,28.785186010823153,0.0,0.0,5.138973737607942,0.0,0.0,11.600939890232516,19.493629667121493,10.023291153407584,0.0,10.357988675768818,23.094584680902603,5.022633313741326,0.0,0.0,97.46000000000001,15.992596441359433,13.212334168400758,0.0,15.481568280956097,0.0,6.06636706846161,12.13273413692322,0.0,0.0,0.0,21.846441022681162,21.85785336356765,5.533443405139833,10.122928319475939,13.30910052910053,-0.18201388888888848,-1.2439197530864197,3.2818441358024693,0.0,0.0,-3.984791666666666,0.0,14,3,5,0,0,0,1,0,1,3,2,7,2,0,0,0,1,0.6856000000000004,49.78450000000001,0,0,0,0,1,0,0,0,1,1,1,0,0,0,0,0,0,1,0,0,0,0,0,0,0,0,0,0,0,0,0,0,0,0,1,0,0,0,0,0,0,0,0,0,1,0,0,0,0,0,0,0,0,0,0,0,0,0,0,0,0,0,0,0,0,0,0,0,0,0,0,0,0,0,0,0,1,0,0,0,0,0,0,0,0
10.461658793146889,10.461658793146889,0.09350245653817124,-1.2633564814814815,0.5435898650817029,10.642857142857142,189.17,182.11399999999995,189.042593084,70,0,0.34596184785175726,-0.5079662507351715,0.5079662507351715,0.34596184785175726,1.3571428571428572,1.9285714285714286,2.357142857142857,16.365803284067102,10.12788187169945,2.0437125314079005,-1.940086663110645,2.1199129106004673,-1.9657518092174784,5.959408708950222,-0.13159758338825675,2.1621922909729236,3.0253522707872307,411.98840572460506,10.55204176387779,7.136640422911867,7.136640422911867,6.6302289553358005,3.773662012717413,3.773662012717413,2.566500888256187,2.566500888256187,1.554951813475784,1.554951813475784,0.8790478347031333,0.8790478347031333,-2.2800000000000002,1314.6129129115375,9.805324232081912,4.098474447875997,2.3538121468134867,80.34413783080366,10.213054789681411,17.391837676145446,0.0,0.0,0.0,5.969305287951849,0.0,4.794537184071822,5.261891554738487,0.0,12.13273413692322,23.772205735454097,0.0,0.0,15.007591973753234,12.045325394785731,5.261891554738487,0.0,0.0,0.0,0.0,35.402024295612705,0.0,11.818733146076179,0.0,0.0,5.749511833283905,0.0,16.182360077633263,4.794537184071822,11.33111286753076,5.563451491696996,29.838572803915707,0.0,6.076020106833881,0.0,81.32,5.969305287951849,4.794537184071822,0.0,11.322616363353173,5.563451491696996,0.0,30.34148838068032,6.069221312792274,0.0,0.0,15.474946344419898,0.0,0.0,10.461658793146889,25.967979103678513,0.21985166288737745,-1.1698540249433103,7.449160761526833,1.2378703703703704,0.0,0.0,0.0,14,2,4,0,0,0,1,0,1,3,2,4,2,0,0,0,1,1.3837799999999998,49.33260000000001,1,0,0,0,0,0,0,1,1,1,1,0,0,0,0,1,0,0,0,0,0,0,0,0,0,0,0,0,0,0,0,0,0,0,1,0,0,0,0,0,0,0,0,0,0,0,0,0,0,0,0,0,0,0,0,0,0,1,0,0,0,0,0,0,0,1,1,0,0,0,0,0,0,0,0,0,0,0,0,0,0,0,0,0,0
10.142870370370371,10.142870370370371,0.009259259259259522,-1.0682870370370365,0.48209021438928557,9.333333333333334,127.10299999999997,122.06299999999997,127.0381764,48,0,0.34059390305690607,-0.4774992170892046,0.4774992170892046,0.34059390305690607,1.8888888888888888,2.5555555555555554,2.7777777777777777,16.365820500349695,10.33565951312868,2.072818785296861,-1.8395732611494693,2.032665611904937,-1.9825270681656135,5.915935301277831,0.06979052721056173,2.1315029728379105,3.0766634399873354,229.4715490331534,6.8533711511285205,4.45737601984303,4.45737601984303,4.21521405516327,2.2409699422663074,2.2409699422663074,1.4893085210952492,1.4893085210952492,0.9002499961827407,0.9002499961827407,0.4718315440858326,0.4718315440858326,-1.52,132.15318431595045,5.613689839572192,1.7717953499213333,0.8350295857988167,50.4892537535116,10.84019487200289,5.563451491696996,5.817862777835028,0.0,0.0,5.969305287951849,5.098681808301038,4.794537184071822,5.098681808301038,0.0,0.0,0.0,6.196843571613076,0.0,9.901064578912528,11.787168065786878,0.0,10.197363616602075,0.0,0.0,5.733667477162185,11.760295063310071,0.0,0.0,5.733667477162185,5.817862777835028,0.0,0.0,21.273196299394627,0.0,0.0,10.357988675768818,6.196843571613076,0.0,0.0,0.0,92.0,5.969305287951849,4.794537184071822,0.0,11.381314269532023,0.0,0.0,6.196843571613076,0.0,0.0,10.197363616602075,10.84019487200289,0.0,0.0,10.142870370370371,14.047870370370369,5.1275462962962965,-1.0520833333333324,0.0,1.2337962962962963,0.0,0.0,0.0,9,4,5,0,0,0,0,1,1,3,3,5,1,0,0,0,1,-0.30990000000000056,29.959400000000002,0,0,0,1,1,2,1,0,1,1,1,0,0,0,0,1,1,1,0,0,0,1,0,0,0,0,0,0,0,1,0,0,0,0,0,0,0,0,0,0,0,0,0,0,0,0,0,0,0,0,0,0,0,0,0,0,0,0,0,0,0,0,0,0,0,0,0,0,0,0,0,0,0,0,0,0,0,0,0,0,0,0,0,0,0
11.163798432705548,11.163798432705548,0.310304796751838,-1.2469502895610056,0.15832298758194524,11.24390243902439,550.6430000000003,528.4670000000003,550.1463469440001,196,0,0.34596184773292293,-0.4771147651641202,0.4771147651641202,0.34596184773292293,0.6829268292682927,1.146341463414634,1.6097560975609757,32.140683432886945,9.965790070094569,2.156510935344425,-2.2516206687644664,2.377960740526671,-2.0894902668949262,6.997128045540336,-0.13160199173682444,3.5163631615119924,1.3391354328518599,1869.0056946295479,28.183223029128815,21.67692021140966,22.493416792337385,20.118524838379198,12.836655588002234,13.566952331342456,9.272480713895103,9.800928401750761,6.764278650984541,7.292726338840199,4.791229387070685,5.364986631569392,-5.579999999999998,4096935536.3475385,25.68488765537316,11.26420775268772,5.1987210627248315,240.58161831499763,10.006437125691184,22.675727278094065,0.0,0.0,0.0,5.969305287951849,0.0,4.794537184071822,14.008971517571386,0.0,84.92913895846256,59.16457699269453,28.189061807444677,11.728187345198613,9.901064578912528,51.86907299926755,5.261891554738487,8.747079962832899,0.0,0.0,4.899909730850478,132.46389739099854,0.0,28.323027279580256,4.899909730850478,17.062158824050687,0.0,11.728187345198613,19.822912645625454,4.794537184071822,11.33111286753076,5.563451491696996,126.90044589930153,0.0,39.363227508854386,0.0,90.11,5.969305287951849,4.794537184071822,0.0,5.573104530069267,5.563451491696996,50.34936622607119,17.804207452032493,18.201955449715495,54.59730361615449,68.24429330983787,10.368418949579192,9.233872441938125,1.1718456271752278,13.387757700987718,18.157522929720844,9.05480619251971,-1.2469502895610056,42.217756092012316,1.356722638540404,0.0,0.0,0.0,41,1,6,0,0,0,5,1,6,6,1,7,7,0,0,0,6,8.486680000000005,164.1957999999997,1,0,0,0,0,2,0,0,1,1,1,0,0,0,0,4,0,0,0,0,0,0,0,0,0,0,0,0,0,3,0,0,0,0,5,0,1,0,0,0,0,0,0,0,0,0,0,0,0,0,0,0,0,0,0,0,0,1,0,0,0,0,0,0,2,0,0,0,0,0,0,0,0,0,0,0,0,0,0,0,0,0,0,0,0
8.667702191987907,8.667702191987907,0.5281629629629634,-1.3499999999999999,0.5407753470921298,9.5,247.82799999999997,241.77999999999997,247.950557832,52,0,0.4879185396885905,-0.42317695310817577,0.4879185396885905,0.42317695310817577,1.1,1.6,2.0,126.91270429147168,9.805600030126582,2.079984108514362,-1.9626692557020426,1.9933250254762642,-2.288011722333632,14.11191571376137,0.42553170152041025,1.8845053612018057,2.893762783606677,209.49273048806666,7.560477932315068,5.159143009957273,7.316641301133595,4.698377302757663,2.815422355639668,3.8941715012278286,1.9252201671544127,3.1708523863412195,1.1681474905260074,1.887313587584782,0.6349129177055696,0.9944959662349568,-0.06506493506493527,180.91251467537336,8.035589975456771,3.362402106495606,1.9652521331243067,73.17431276142618,10.048045150132006,0.0,0.0,0.0,0.0,7.118392334224363,0.0,0.0,0.0,0.0,12.13273413692322,40.18640802440611,3.5701822710653963,0.0,10.048045150132006,35.172066221707254,0.0,0.0,0.0,0.0,0.0,27.835650544911836,0.0,0.0,5.462803260414833,0.0,0.0,22.590870627068057,17.16643748435637,0.0,3.5701822710653963,0.0,24.26546827384644,0.0,0.0,0.0,40.46,7.118392334224363,0.0,0.0,0.0,5.462803260414833,3.5701822710653963,0.0,12.13273413692322,12.13273413692322,22.590870627068057,10.048045150132006,1.0851851851851855,2.15661783824641,0.0,17.335404383975813,0.5281629629629634,0.0,7.031296296296296,0.0,0.0,-1.3499999999999999,0.0,10,2,2,0,0,0,1,0,1,2,2,4,1,0,0,0,1,-0.029000000000000137,48.984600000000015,0,0,0,0,0,0,0,0,0,0,0,0,0,0,0,0,0,0,0,0,0,0,0,0,0,0,0,0,0,0,0,0,0,0,1,0,0,0,0,0,0,0,0,0,1,0,0,0,0,0,0,0,0,0,0,0,0,0,0,0,0,0,0,0,0,0,0,0,0,0,0,0,0,0,0,0,0,0,0,0,0,0,0,0,0
8.755292592592593,8.755292592592593,0.5584259259259263,-1.3536111111111115,0.5407753470921298,9.5,247.82799999999997,241.77999999999997,247.950557832,52,0,0.4890102800244005,-0.4231536145973773,0.4890102800244005,0.4231536145973773,1.2,1.8,2.2,126.91270429260499,9.805198178970551,2.120253275820432,-1.9931665756599801,1.9916257677311957,-2.313915252216038,14.111962153022946,0.4252795470446435,1.8787445285930133,3.0313278985819716,226.74273048806666,7.560477932315068,5.159143009957272,7.316641301133594,4.71521405516327,2.821405419783375,3.9001545653715364,1.8951818883073597,3.0573725706948434,1.1833932463656918,2.165792404488482,0.6844928660989188,1.3504215919346423,-0.06506493506493527,182.2382192735223,8.035589975456771,3.362402106495606,1.7108876743357613,73.17431276142617,10.048045150132006,0.0,0.0,0.0,0.0,7.118392334224363,0.0,0.0,0.0,0.0,18.19910120538483,34.1200409559445,3.5701822710653963,0.0,10.048045150132006,35.172066221707254,0.0,0.0,0.0,0.0,0.0,27.835650544911836,0.0,0.0,5.462803260414833,0.0,0.0,22.590870627068057,17.16643748435637,0.0,3.5701822710653963,0.0,24.26546827384644,0.0,0.0,0.0,40.46,7.118392334224363,0.0,0.0,0.0,5.462803260414833,3.5701822710653963,0.0,12.13273413692322,12.13273413692322,22.590870627068057,10.048045150132006,0.8704629629629632,2.055603703703704,0.0,17.510585185185185,0.5584259259259263,0.0,7.145200000000001,0.0,0.0,-1.3536111111111115,0.0,10,2,2,0,0,0,1,0,1,2,2,4,1,0,0,0,1,-0.029000000000000248,48.984600000000015,0,0,0,0,0,0,0,0,0,0,0,0,0,0,0,0,0,0,0,0,0,0,0,0,0,0,0,0,0,0,0,0,0,0,1,0,0,0,0,0,0,0,0,0,1,0,0,0,0,0,0,0,0,0,0,0,0,0,0,0,0,0,0,0,0,0,0,0,0,0,0,0,0,0,0,0,0,0,0,0,0,0,0,0,0
10.60445925925926,10.60445925925926,0.041111111111110654,-4.040995370370369,0.6283582172729602,11.454545454545455,284.07399999999996,279.034,283.90041302000003,60,0,0.2950731315218094,-0.28176312310473206,0.2950731315218094,0.28176312310473206,1.2727272727272727,1.8181818181818181,2.1818181818181817,126.912704304195,10.369545596164155,2.1110133569937015,-1.9708408549311742,2.156050736086027,-1.9922345808153175,14.111893275642018,0.4823350864168872,1.8560659223101248,3.3721948109608206,357.84507449357193,8.483127663125444,5.359324016659277,8.333318888763326,5.015855318045497,2.7363641700945602,5.255176644483361,1.9054882534000814,4.457638021071328,1.1145590888947432,3.3330451073291854,0.6539303907652602,2.441134482420878,-0.14000000000000012,232.0082402887656,8.95208103130755,3.0770743692046896,2.1429244817061583,78.32187725058122,0.0,4.895483475517775,0.0,0.0,10.118126859033554,0.0,4.552749873690364,0.0,8.417796984328938,0.0,12.13273413692322,34.723604763991275,3.5701822710653963,0.0,12.9705468580193,32.70899748610161,0.0,0.0,0.0,4.895483475517775,0.0,27.835650544911836,0.0,0.0,0.0,0.0,0.0,22.590870627068057,12.9705468580193,10.118126859033554,3.5701822710653963,0.0,29.160951749364212,0.0,0.0,0.0,54.370000000000005,10.118126859033554,8.417796984328938,0.0,4.895483475517775,3.5701822710653963,0.0,6.06636706846161,18.19910120538483,22.590870627068057,0.0,4.552749873690364,30.36708148148148,1.8464453703703705,-0.041111111111110654,0.0,0.0,0.0,6.238579629629629,0.0,0.0,-4.040995370370369,0.0,11,1,3,0,0,0,1,0,1,2,1,5,1,0,0,0,1,1.5379000000000003,48.97360000000001,0,0,0,0,0,0,0,0,0,0,0,0,0,0,0,0,0,0,0,0,0,0,0,0,0,0,0,0,0,0,0,0,0,0,1,0,0,0,0,0,0,0,0,0,1,0,0,0,0,0,0,0,0,0,0,0,0,0,0,0,0,0,0,0,0,0,0,0,0,0,0,0,0,0,0,0,0,0,0,0,0,0,0,0,0
10.41695925925926,10.41695925925926,0.3639814814814819,-0.8703703703703705,0.771363830095823,9.3,248.01899999999995,242.97899999999998,247.9334274,52,0,0.33626447185624847,-0.47761200692432365,0.47761200692432365,0.33626447185624847,1.4,2.0,2.4,126.91270429266186,10.214560795120153,2.0379266254857975,-1.9420916656848406,2.0979021843028622,-1.974191817652149,14.111931494868276,0.06955109389239131,1.8787445285930133,3.1529414466808685,257.53794892648057,7.560477932315068,5.042827435731551,7.200325726907874,4.71521405516327,2.6940634486761503,3.7728125942643116,1.7849988424640895,2.9471895248515736,1.104265451624193,2.044943841347322,0.6346499871085173,1.252754075879356,-0.5800000000000001,182.2382192735223,7.52615711252654,3.005223044230256,1.470765522534775,72.01393920717697,5.106527394840706,0.0,0.0,0.0,0.0,5.969305287951849,0.0,4.794537184071822,0.0,0.0,12.13273413692322,34.723604763991275,3.5701822710653963,5.563451491696996,9.901064578912528,28.560175915019904,0.0,0.0,0.0,0.0,0.0,33.39910203660883,0.0,0.0,0.0,0.0,0.0,22.590870627068057,11.075832682792555,0.0,3.5701822710653963,10.357988675768818,24.26546827384644,0.0,0.0,0.0,37.3,5.969305287951849,4.794537184071822,0.0,0.0,5.563451491696996,3.5701822710653963,0.0,18.19910120538483,28.657237695529666,0.0,5.106527394840706,0.7709259259259262,1.9947703703703705,10.41695925925926,8.560848148148148,0.3639814814814819,-0.8703703703703705,6.882885185185184,0.0,0.0,0.0,0.0,10,1,2,0,0,0,1,0,1,1,1,3,1,0,0,0,1,1.9894,46.11830000000001,0,0,0,0,1,0,0,0,1,1,1,0,0,0,0,0,0,0,0,0,0,0,0,0,0,0,0,0,0,0,0,0,0,0,1,0,0,0,0,0,0,0,0,0,1,0,0,0,0,0,0,0,0,0,0,0,0,0,0,0,0,0,0,0,0,0,0,0,0,0,0,0,0,0,0,0,0,0,0,0,0,0,0,0,0
10.88726379440665,10.88726379440665,0.12587962962962918,-1.2868981481481485,0.5118993330974556,23.642857142857142,204.178,192.08199999999997,204.063388104,80,0,0.37750579282561886,-0.49938091564602466,0.49938091564602466,0.37750579282561886,1.6428571428571428,2.2857142857142856,2.7857142857142856,16.602306488629928,10.160377761667046,2.39736902501352,-2.169090130102662,2.2393740143244067,-2.3196427322523876,5.887329009911814,-0.1475999699286426,2.453501715074124,2.8390672764211398,258.55711902130685,10.71517847069432,7.635299758643811,7.635299758643811,6.612590865130758,4.172146823778658,4.172146823778658,2.7217012694343437,2.7217012694343437,1.755528525337465,1.755528525337465,1.1150022778304138,1.1150022778304138,-1.27,1467.1940256143262,10.808554595443834,4.2961554259559875,1.8039725550595629,80.36972545853787,24.793308092122217,6.103966387748303,11.86313125940448,5.759164871656176,0.0,5.969305287951849,0.0,4.794537184071822,0.0,0.0,0.0,6.923737199690624,0.0,13.213763929025836,29.587845276194038,5.969305287951849,0.0,0.0,0.0,19.13166997518723,13.213763929025836,11.518329743312352,0.0,0.0,0.0,0.0,0.0,0.0,46.7105841769964,14.268263091671919,0.0,6.923737199690624,11.518329743312352,0.0,0.0,0.0,96.22000000000001,30.54328489961755,15.007591973753234,0.0,12.366046836169094,0.0,0.0,0.0,6.923737199690624,0.0,4.736862953800049,9.843390348640755,9.527175925925926,0.0,10.88726379440665,27.081163076341646,0.0,-1.7274537037037017,0.0,-2.4050000000000007,1.303517573696145,0.0,0.625,14,3,6,0,1,1,0,0,0,6,3,6,4,0,0,0,1,-0.9289000000000003,44.25340000000002,0,3,3,0,0,0,0,0,0,0,1,1,0,0,0,0,0,0,0,0,0,0,0,0,0,0,0,0,0,0,0,0,0,0,0,0,0,0,0,0,1,2,0,0,0,0,0,0,0,0,0,0,0,0,1,0,0,0,0,0,0,0,0,0,0,0,0,0,0,0,0,0,0,0,0,0,0,0,0,0,0,0,0,0,0
9.099537037037038,9.099537037037038,1.8240740740740737,-1.8240740740740737,0.37994913775585776,7.333333333333333,90.03399999999999,88.01799999999999,89.995308544,34,0,0.4143587214951982,-0.4728148209556821,0.4728148209556821,0.4143587214951982,1.0,1.1666666666666667,1.1666666666666667,16.440291236208807,10.727067726039465,2.0351722755374104,-1.721736673805603,1.5584096837478145,-2.0902211740083882,6.27103369507553,-0.1592782563658274,1.3609640474436813,3.567703455043203,71.5488750216347,5.1547005383792515,2.710923771927642,2.710923771927642,2.6427344100918364,1.105461885963821,1.105461885963821,0.6103051288169659,0.6103051288169659,0.18295375958419435,0.18295375958419435,0.0,0.0,-1.06,13.609640474436812,4.939999999999998,1.3955229556294972,1.2801360544217681,33.01570484670571,10.213054789681411,0.0,0.0,0.0,0.0,11.938610575903699,0.0,9.589074368143644,0.0,0.0,0.0,0.0,0.0,0.0,19.802129157825057,11.938610575903699,0.0,0.0,0.0,0.0,0.0,0.0,0.0,0.0,0.0,0.0,0.0,0.0,22.15166536558511,9.589074368143644,0.0,0.0,0.0,0.0,0.0,0.0,74.6,11.938610575903699,0.0,0.0,0.0,0.0,0.0,0.0,0.0,0.0,0.0,19.802129157825057,0.0,0.0,18.199074074074076,14.782407407407407,0.0,-3.6481481481481475,0.0,0.0,0.0,0.0,0.0,6,2,4,0,0,0,0,0,0,2,2,4,0,0,0,0,0,-0.8443999999999998,15.2716,2,0,0,0,0,0,0,0,2,2,2,0,0,0,0,0,0,0,0,0,0,0,0,0,0,0,0,0,0,0,0,0,0,0,0,0,0,0,0,0,0,0,0,0,0,0,0,0,0,0,0,0,0,0,0,0,0,0,0,0,0,0,0,0,0,0,0,0,0,0,0,0,0,0,0,0,0,0,0,0,0,0,0,0,0
9.428888888888888,9.428888888888888,0.8055555555555558,-1.3125000000000002,0.464877093759921,8.0,104.06099999999999,100.02899999999998,104.01095860800001,40,0,0.3142016814988686,-0.4808059082153091,0.4808059082153091,0.3142016814988686,1.1428571428571428,1.4285714285714286,1.4285714285714286,16.386107683962667,10.455750218759913,2.011442757107602,-1.7969492947745205,1.7390409137378218,-2.033619986310951,5.8834299598851,-0.14661871001314594,1.272905595320056,3.318019590380522,83.10802962390817,5.8618073195657985,3.4180305531141895,3.4180305531141895,3.125897657686229,1.5625686671503685,1.5625686671503685,0.9642537817433431,0.9642537817433431,0.30245145030582543,0.30245145030582543,0.12936784404555712,0.12936784404555712,-1.06,19.093583929800843,5.94,2.173434230067226,4.939999999999999,39.380646961102315,10.213054789681411,6.4208216229260096,0.0,0.0,0.0,11.938610575903699,9.589074368143644,0.0,0.0,0.0,0.0,0.0,0.0,0.0,19.802129157825057,11.938610575903699,0.0,0.0,0.0,6.4208216229260096,0.0,0.0,0.0,0.0,0.0,0.0,0.0,0.0,22.15166536558511,9.589074368143644,0.0,6.4208216229260096,0.0,0.0,0.0,0.0,74.6,18.35943219882971,9.589074368143644,0.0,0.0,0.0,0.0,0.0,0.0,0.0,0.0,10.213054789681411,0.0,0.0,18.857777777777777,15.40611111111111,0.0,-2.625,0.0,-0.8055555555555558,0.0,0.0,0.3333333333333333,7,2,4,0,0,0,0,0,0,2,2,4,2,0,0,0,0,-0.4543,19.888599999999997,2,0,0,0,0,0,0,0,2,2,2,0,0,0,0,0,0,0,0,0,0,0,0,0,0,0,0,0,0,0,0,0,0,0,0,0,0,0,0,0,0,0,0,0,0,0,0,0,0,0,0,0,0,0,0,0,0,0,0,0,0,0,0,0,0,0,0,0,0,0,0,0,0,0,0,0,0,0,0,0,0,0,0,0,0
9.640416666666667,9.640416666666667,0.2962962962962965,-1.0764814814814814,0.5437714031598524,8.5,118.088,112.03999999999998,118.02660867200001,46,0,0.30343248908825177,-0.48121892931530574,0.48121892931530574,0.30343248908825177,1.0,1.25,1.375,16.372472656228624,10.314273883220368,1.9982838589936367,-1.8470595348710512,1.8549589562691067,-2.0023857464433026,5.746235140212723,-0.14306757181065866,1.6135681581652277,3.1818458670936187,92.60593781761291,6.568914100752346,4.125137334300737,4.125137334300737,3.625897657686229,2.0625686671503685,2.0625686671503685,1.2874770864467064,1.2874770864467064,0.5527309429819104,0.5527309429819104,0.21386547149095522,0.21386547149095522,-1.06,40.339203954130696,6.9399999999999995,3.009687481832753,4.939999999999998,45.74558907549893,10.213054789681411,0.0,0.0,0.0,0.0,11.938610575903699,9.589074368143644,0.0,0.0,0.0,0.0,0.0,0.0,12.841643245852019,19.802129157825057,11.938610575903699,0.0,0.0,0.0,12.841643245852019,0.0,0.0,0.0,0.0,0.0,0.0,0.0,0.0,22.15166536558511,9.589074368143644,0.0,12.841643245852019,0.0,0.0,0.0,0.0,74.6,11.938610575903699,9.589074368143644,0.0,12.841643245852019,0.0,0.0,0.0,0.0,0.0,0.0,10.213054789681411,0.0,0.0,19.280833333333334,15.798055555555555,0.0,-2.1529629629629623,0.0,-0.592592592592593,0.0,0.0,0.5,8,2,4,0,0,0,0,0,0,2,2,4,3,0,0,0,0,-0.06420000000000009,24.505599999999994,2,0,0,0,0,0,0,0,2,2,2,0,0,0,0,0,0,0,0,0,0,0,0,0,0,0,0,0,0,0,0,0,0,0,0,0,0,0,0,0,0,0,0,0,0,0,0,0,0,0,0,0,0,0,0,0,0,0,0,0,0,0,0,0,0,0,0,0,0,0,0,0,0,0,0,0,0,0,0,0,0,0,0,0,0
9.689027777777778,9.689027777777778,0.2962962962962963,-1.0275925925925924,0.26253384851616335,8.0,117.10799999999999,110.05199999999998,117.053826464,46,0,0.32247566071809197,-0.4799303610558039,0.4799303610558039,0.32247566071809197,1.875,2.375,2.5,16.366430637903616,10.648007375581496,1.9232197948940348,-1.9483630529840894,1.5529749968537712,-2.338351346567434,5.794719823186562,-0.13519834162413774,1.6135681581652277,3.1818458670936187,97.09616281328597,6.568914100752346,4.139918936339995,4.139918936339995,3.625897657686229,1.9235128587632708,1.9235128587632708,1.1609670684114397,1.1609670684114397,0.4300644930655153,0.4300644930655153,0.17083807270859844,0.17083807270859844,-1.26,40.339203954130696,6.74,2.838891422835457,4.74,45.999994988748085,16.156983476009223,6.544756405912575,5.959554568743835,0.0,0.0,5.969305287951849,10.203820789863343,0.0,0.0,0.0,0.0,0.0,0.0,0.0,9.901064578912528,11.928859856695684,5.409283605791522,5.316788604006331,5.733667477162185,0.0,6.544756405912575,0.0,0.0,0.0,11.050456081168516,0.0,0.0,0.0,23.580143657448964,4.794537184071822,5.409283605791522,0.0,0.0,0.0,0.0,0.0,99.2,5.969305287951849,4.794537184071822,0.0,12.50431097465641,0.0,0.0,0.0,0.0,0.0,5.316788604006331,16.249478477794412,0.0,0.0,9.689027777777778,16.545092592592592,4.749583333333333,-1.3540740740740735,0.0,0.0,-0.2962962962962963,0.0,0.3333333333333333,8,5,5,0,0,0,0,0,0,2,4,5,2,0,0,0,0,-1.4459299999999997,27.5526,1,0,0,0,0,0,0,0,1,1,1,0,0,0,0,0,2,1,0,0,0,0,0,0,0,0,0,0,0,0,0,0,0,0,0,0,0,0,0,0,0,0,0,1,0,0,0,0,0,0,0,0,0,0,0,0,0,0,0,0,0,0,0,0,0,0,0,0,0,0,0,0,0,0,0,0,0,0,0,0,0,0,0,0,0
10.262534958427816,10.262534958427816,0.2627314814814814,-1.0064814814814815,0.5411944991131042,12.818181818181818,155.15699999999998,146.08499999999998,155.069476528,60,0,0.3203777319132172,-0.4800769699266,0.4800769699266,0.3203777319132172,1.9090909090909092,2.6363636363636362,3.090909090909091,16.367557010755267,10.16952846449507,2.118348846979255,-2.0092767031838794,1.9485393819874446,-2.318022492740357,5.728836608266231,-0.13801418720785283,2.3932748533488946,2.4987607772382447,231.98525149250435,8.267584713501616,5.819183339408831,5.819183339408831,5.198377302757663,3.159372183248773,3.159372183248773,2.2093954823400774,2.2093954823400774,1.3011019754142341,1.3011019754142341,0.7151636365475007,0.7151636365475007,-1.36,394.8903508025676,7.743734439834026,3.156503765422208,2.047487035715207,63.250684413900096,15.8241733929501,6.041840829147961,0.0,0.0,0.0,5.969305287951849,4.794537184071822,4.9839785209472085,0.0,0.0,0.0,0.0,12.617665194539086,12.021248069613002,9.901064578912528,5.969305287951849,0.0,9.967957041894417,5.733667477162185,12.462662452073971,0.0,18.21809164122608,0.0,0.0,5.733667477162185,0.0,0.0,0.0,27.085630553834932,11.21535880699783,0.0,5.693927994848461,12.524163646377618,0.0,0.0,0.0,92.00000000000001,12.011146117099809,4.794537184071822,0.0,6.4208216229260096,5.693927994848461,0.0,6.3273200747645415,6.196843571613076,0.0,9.967957041894417,10.84019487200289,0.0,0.0,16.816677059712774,8.417829743008314,5.920833333333334,-1.0064814814814815,-0.8626851851851856,3.3804931972789114,0.0,0.0,0.3333333333333333,11,4,5,0,0,0,0,1,1,3,3,5,3,0,0,0,1,-0.6359000000000001,37.9029,1,0,0,0,0,2,1,0,1,1,1,0,0,0,0,1,1,1,0,0,0,1,0,0,0,0,0,0,0,0,0,0,0,0,0,0,0,0,0,0,0,0,0,0,0,0,0,1,0,0,0,0,0,0,0,0,0,0,0,0,0,0,0,0,0,0,0,0,0,0,0,0,0,0,0,0,0,0,0,0,0,0,0,0,0
9.243055555555555,9.243055555555555,0.2777777777777779,-0.9675925925925923,0.42117088793654706,7.4,75.067,70.027,75.0320284,30,0,0.31675597840558584,-0.4802971300243957,0.4802971300243957,0.31675597840558584,2.0,2.2,2.2,16.366059254527034,10.717499991234314,1.805032142420421,-1.726114540149436,1.43390247565876,-2.1042293463557664,5.680936538605491,-0.1348391979770351,1.3787834934861756,2.847378923087672,42.91260938324327,4.284457050376173,2.639918936339994,2.639918936339994,2.270055610029662,1.1895326240390474,1.1895326240390474,0.5978626884552846,0.5978626884552846,0.17462042625086102,0.17462042625086102,0.0,0.0,-0.5700000000000001,9.65148445440323,4.43,1.7215451895043727,3.429999999999999,29.39983969147865,10.84019487200289,0.0,0.0,0.0,0.0,5.969305287951849,4.794537184071822,0.0,0.0,0.0,0.0,0.0,0.0,6.544756405912575,9.901064578912528,5.969305287951849,0.0,0.0,5.733667477162185,0.0,6.544756405912575,0.0,0.0,0.0,5.733667477162185,0.0,0.0,0.0,17.62058908870513,4.794537184071822,0.0,0.0,0.0,0.0,0.0,0.0,63.32000000000001,5.969305287951849,4.794537184071822,0.0,6.544756405912575,0.0,0.0,0.0,0.0,0.0,5.733667477162185,5.106527394840706,0.0,0.0,9.243055555555555,7.597222222222222,4.5717592592592595,-0.9675925925925923,0.0,0.0,-0.2777777777777779,0.0,0.5,5,3,3,0,0,0,0,0,0,2,2,3,1,0,0,0,0,-0.9702999999999999,16.6902,1,0,0,0,0,0,0,0,1,1,1,0,0,0,0,0,0,1,0,0,0,0,0,0,0,0,0,0,0,0,0,0,0,0,0,0,0,0,0,0,0,0,0,0,0,0,0,0,0,0,0,0,0,0,0,0,0,0,0,0,0,0,0,0,0,0,0,0,0,0,0,0,0,0,0,0,0,0,0,0,0,0,0,0,0
5.229444444444445,5.229444444444445,0.9022222222222223,-2.2431719135802473,0.4231363575115519,12.0,290.17300000000006,275.053,289.98351887,68,0,0.49966580078832545,-0.37682512039083244,0.49966580078832545,0.37682512039083244,1.0909090909090908,1.5454545454545454,1.8181818181818181,126.91270398663632,10.580008609503057,2.3600170744081725,-2.2317945808706154,2.1479657459848163,-2.421193057515345,14.108757816350396,0.12333361888485093,2.0841652645137705,3.8352571576460592,89.56352280933721,8.742640687119286,7.224029687960458,10.38152797913678,5.242640687119286,3.457931939593082,6.915365264260385,2.0879207646859017,6.257440185450091,1.5496062359929657,5.144348302111055,0.8395078792721132,3.6627098918832135,0.8268831168831168,258.43649279970754,11.826883116883119,6.35466637481559,3.8372356624933968,82.91740824147874,13.278015078357752,0.0,0.0,0.0,0.0,8.80443515703238,0.0,0.0,0.0,0.0,22.590870627068057,10.84837402522042,27.37348840074907,0.0,13.278015078357752,31.395305784100437,0.0,0.0,0.0,12.46491739984248,25.75694502612701,0.0,0.0,0.0,0.0,0.0,0.0,22.590870627068057,34.561380183159386,13.278015078357752,0.0,6.4208216229260096,0.0,6.044095776916472,0.0,0.0,27.69,8.80443515703238,0.0,0.0,0.0,0.0,16.89246980213689,0.0,21.3293926238326,0.0,22.590870627068057,13.278015078357752,16.80201388888889,2.3320080498866216,0.0,0.0,0.0,0.0,0.9022222222222223,1.0856172839506173,0.0,2.692582999496094,1.0,11,0,3,0,0,0,0,0,0,3,0,5,6,0,0,0,0,1.6896,55.09200000000003,0,0,0,0,0,0,0,0,0,0,0,0,0,0,0,0,0,0,0,0,0,0,0,0,0,1,0,0,0,0,0,0,0,0,0,0,0,0,0,0,0,0,0,0,1,0,0,0,0,0,0,0,0,0,0,0,0,0,0,0,0,0,0,0,0,0,0,0,0,0,0,0,0,0,0,0,0,0,0,0,0,0,0,0,0
5.171111111111111,5.171111111111111,0.8854166666666667,-2.2173996913580245,0.5727649275713802,12.0,164.27699999999996,148.14899999999997,164.086870902,62,0,0.4996272890058143,-0.3768254699061999,0.4996272890058143,0.3768254699061999,1.0,1.4,1.5,28.39069315785917,10.582092535085394,2.355110441490442,-2.228230759577767,2.1318052278008635,-2.4183893270250625,6.600332999234733,0.12318565160604575,2.007779913659168,3.8747749631204758,74.79745154591335,8.035533905932738,7.138958433764684,8.138958433764685,4.742640687119286,3.397777478867205,5.329629131445342,2.045385137588014,5.136155412764041,1.489198919740116,4.467596759220349,0.8623724356957946,2.5871173070873836,0.09688311688311688,152.59127343809678,10.096883116883117,4.843132283839801,2.3774821880740817,63.6555701204351,13.278015078357752,0.0,0.0,0.0,0.0,8.80443515703238,0.0,0.0,0.0,0.0,13.344558822616634,0.0,27.37348840074907,0.0,13.278015078357752,8.80443515703238,0.0,0.0,0.0,19.388654599533105,21.3293926238326,0.0,0.0,0.0,0.0,0.0,0.0,0.0,30.13382778086498,13.278015078357752,0.0,13.344558822616634,0.0,6.044095776916472,0.0,0.0,27.69,8.80443515703238,0.0,0.0,0.0,0.0,12.46491739984248,0.0,21.3293926238326,0.0,6.923737199690624,13.278015078357752,15.513333333333334,0.0,0.0,0.0,0.0,0.0,0.8854166666666667,1.0295061728395063,2.082152777777778,2.6840354938271607,1.0,10,0,3,0,0,0,0,0,0,3,0,4,5,0,0,0,0,1.2745,41.87900000000001,0,0,0,0,0,0,0,0,0,0,0,0,0,0,0,0,0,0,0,0,0,0,0,0,0,0,0,0,0,0,0,0,0,0,0,0,0,0,0,0,0,0,0,0,0,0,0,0,0,0,0,0,0,0,0,0,0,0,0,0,0,0,0,0,0,0,0,0,0,0,0,0,0,0,0,0,0,0,0,0,0,0,0,0,0
10.28728269085412,10.28728269085412,0.2896296296296301,-0.9089506172839512,0.6036422575213182,9.3,154.19,148.14199999999997,154.008850432,52,0,0.33517958010286597,-0.47763924318158535,0.47763924318158535,0.33517958010286597,1.3,1.8,2.2,32.11691046978989,10.212318515869907,1.9822246783984168,-1.917856854680827,2.0637741226788604,-1.9362890580378112,7.798908326066988,0.06965907035778221,1.8845053612018057,3.003400684579818,240.2879489264805,7.560477932315068,5.112076558222283,6.006503749222198,4.698377302757663,2.7227049457778083,3.169918541277766,1.8520265887504572,2.3684243682447796,1.1142552863644086,1.412397683364381,0.6040071144182831,0.7530783129182692,-0.9600000000000001,180.91251467537336,7.150619469026548,2.7488332358362486,1.510397832059919,63.90716774953508,5.106527394840706,0.0,0.0,0.0,0.0,5.969305287951849,0.0,4.794537184071822,0.0,12.628789148012991,0.0,24.26546827384644,4.895483475517775,5.563451491696996,9.901064578912528,18.59809443596484,0.0,0.0,0.0,4.895483475517775,0.0,29.828919765543436,0.0,0.0,0.0,0.0,0.0,12.628789148012991,11.075832682792555,0.0,0.0,10.357988675768818,29.160951749364216,0.0,0.0,0.0,37.3,5.969305287951849,4.794537184071822,0.0,5.563451491696996,0.0,4.895483475517775,12.13273413692322,12.13273413692322,0.0,12.628789148012991,5.106527394840706,0.0,4.007139077853363,11.055801209372639,8.450763416477702,0.2896296296296301,-0.9089506172839512,6.327839506172839,0.0,0.0,0.0,0.0,10,1,2,0,0,0,1,0,1,2,2,3,1,0,0,0,1,1.6735,40.653300000000016,0,0,0,0,1,0,0,0,1,1,1,0,0,0,0,0,0,0,0,0,0,0,1,0,0,0,0,0,0,0,0,0,0,0,1,0,0,0,0,0,0,0,0,0,0,0,0,0,0,0,0,0,0,0,0,0,0,0,0,0,0,0,0,0,0,0,0,0,0,0,0,0,0,0,0,0,0,0,0,0,0,0,0,0,0
9.550416666666667,9.550416666666667,0.1558641975308641,-0.787037037037037,0.49957497645934495,8.166666666666666,106.146,100.09799999999998,106.008850432,36,0,0.3036700500351851,-0.48120857735607125,0.48120857735607125,0.3036700500351851,1.8333333333333333,2.3333333333333335,2.3333333333333335,32.116865899300564,10.510163155144614,1.8760572380431269,-1.7905504061537674,1.7926342056538354,-1.9260738651428337,7.797706309705614,-0.13599259722418391,1.3485878960124225,2.8312571099313644,52.75488750216347,4.99156383156272,3.216889043836874,4.1113162348367895,2.770055610029662,1.5975120995920222,2.2299676316256978,0.867345340973332,1.31455893647329,0.32566887036594466,0.5492756681159237,0.09564354645876383,0.2869306393762915,-0.18000000000000005,14.834466856136647,5.819999999999999,3.0274688796680502,3.820000000000001,41.579957772264265,5.106527394840706,0.0,0.0,0.0,0.0,5.969305287951849,4.794537184071822,0.0,12.628789148012991,0.0,0.0,0.0,5.752853606746789,6.4208216229260096,9.901064578912528,18.59809443596484,0.0,0.0,0.0,6.4208216229260096,5.752853606746789,0.0,0.0,0.0,0.0,0.0,0.0,12.628789148012991,16.828686289539345,4.794537184071822,0.0,6.4208216229260096,0.0,0.0,0.0,0.0,37.3,5.969305287951849,4.794537184071822,0.0,6.4208216229260096,5.752853606746789,0.0,0.0,0.0,0.0,12.628789148012991,5.106527394840706,0.0,3.679135802469136,9.550416666666667,7.864583333333333,0.0,-0.36111111111111116,0.0,0.1558641975308641,0.0,0.0,0.6666666666666666,6,1,2,0,0,0,0,0,0,2,2,3,2,0,0,0,0,0.3909000000000001,26.105799999999995,1,0,0,0,0,0,0,0,1,1,1,0,0,0,0,0,0,0,0,0,0,0,1,0,0,0,0,0,0,0,0,0,0,0,0,0,0,0,0,0,0,0,0,0,0,0,0,0,0,0,0,0,0,0,0,0,0,0,0,0,0,0,0,0,0,0,0,0,0,0,0,0,0,0,0,0,0,0,0,0,0,0,0,0,0
10.016904963116934,10.016904963116934,0.31207482993197266,-0.6890060468631891,0.462467079214576,9.7,162.25400000000002,148.14199999999997,162.071450688,60,0,0.3028395565479136,-0.481230389785197,0.481230389785197,0.3028395565479136,1.2,1.8,2.3,32.11686612838684,10.150984814116526,1.9430968244430034,-1.945053026936582,2.0253171498700784,-1.929159009213006,7.797369942015372,-0.1366496608817123,1.8709889548563379,2.838589121813916,93.60689651177816,7.819990956308912,6.045316168583065,6.939743359582981,4.7700556100296625,3.5975120995920222,4.229967631625698,2.2815589033464265,2.728772498846385,1.298756049796011,1.6149838158128487,0.7415825146211757,0.9651893123711546,-0.18000000000000005,142.19516056908168,9.820000000000002,6.933378684807257,7.82,67.0397262298507,5.106527394840706,0.0,0.0,0.0,0.0,5.969305287951849,4.794537184071822,0.0,12.628789148012991,0.0,12.841643245852019,18.59449685259881,6.4208216229260096,0.0,9.901064578912528,18.59809443596484,0.0,0.0,0.0,32.10410811463005,5.752853606746789,0.0,0.0,0.0,0.0,0.0,0.0,12.628789148012991,16.828686289539345,4.794537184071822,0.0,32.10410811463005,0.0,0.0,0.0,0.0,37.3,5.969305287951849,4.794537184071822,0.0,0.0,6.4208216229260096,31.436140098450828,0.0,0.0,0.0,12.628789148012991,5.106527394840706,0.0,4.04702324962907,10.016904963116934,8.25491500972817,0.0,0.22078703703703761,0.0,4.349258629377677,0.0,0.0,0.8571428571428571,10,1,2,0,0,0,0,0,0,2,2,3,6,0,0,0,0,1.9513000000000003,44.57380000000003,1,0,0,0,0,0,0,0,1,1,1,0,0,0,0,0,0,0,0,0,0,0,1,0,0,0,0,0,0,0,0,0,0,0,0,0,0,0,0,0,0,0,0,0,0,0,0,0,0,0,0,0,0,0,0,0,0,0,0,0,0,0,0,0,0,0,0,0,0,0,0,0,0,0,0,0,0,0,0,0,0,0,0,3,0
10.228634710874866,10.228634710874866,0.33526234567901225,-0.6650416976727815,0.4185647048220057,10.466666666666667,232.38899999999995,208.19699999999997,232.149701008,90,0,0.3028395565321837,-0.481230389785217,0.481230389785217,0.3028395565321837,0.8,1.2,1.6,32.11686643383916,10.066837537561591,1.9591889310134774,-2.004620060695603,2.1013311530805514,-1.9294657498457266,7.7973722059672514,-0.13665189512680467,2.203202969883581,2.8946809694676436,148.55754552798544,11.355524862241651,9.580850074515805,10.47527726551572,7.2700556100296625,6.097512099592022,6.729967631625698,4.0493258563127945,4.496539451812752,2.548756049796011,2.864983815812849,1.6254659911043594,1.8490727888543383,-0.18000000000000005,1857.300103611859,14.82,11.89235890014472,13.820000000000002,98.86443680183376,5.106527394840706,0.0,0.0,0.0,0.0,5.969305287951849,4.794537184071822,0.0,12.628789148012991,0.0,44.94575136048208,18.59449685259881,6.4208216229260096,0.0,9.901064578912528,18.59809443596484,0.0,0.0,0.0,64.20821622926012,5.752853606746789,0.0,0.0,0.0,0.0,0.0,0.0,12.628789148012991,16.828686289539345,4.794537184071822,0.0,64.20821622926012,0.0,0.0,0.0,0.0,37.3,5.969305287951849,4.794537184071822,0.0,0.0,6.4208216229260096,18.59449685259881,44.94575136048208,0.0,0.0,12.628789148012991,5.106527394840706,0.0,4.170995302671901,10.228634710874866,8.430416649652102,0.0,0.34407374173111926,0.0,11.214768483958899,0.0,0.0,0.9166666666666666,15,1,2,0,0,0,0,0,0,2,2,3,11,0,0,0,0,3.9018000000000037,67.65880000000004,1,0,0,0,0,0,0,0,1,1,1,0,0,0,0,0,0,0,0,0,0,0,1,0,0,0,0,0,0,0,0,0,0,0,0,0,0,0,0,0,0,0,0,0,0,0,0,0,0,0,0,0,0,0,0,0,0,0,0,0,0,0,0,0,0,0,0,0,0,0,0,0,0,0,0,0,0,0,0,0,0,0,0,8,0
10.17314814814815,10.17314814814815,0.26851851851851904,-0.9190740740740744,0.5998689433499305,8.88888888888889,123.11099999999998,118.07099999999998,123.0320284,46,0,0.33529227405888085,-0.4776379188124248,0.4776379188124248,0.33529227405888085,1.4444444444444444,2.0,2.3333333333333335,16.365539053874066,10.273436648726902,1.9671815296158197,-1.8719192376731835,1.929726679554253,-1.939369144018175,5.866652557810676,0.06965214570961424,1.9003726279897948,2.981454614041131,207.5576620543373,6.69023444431199,4.612076558222283,4.612076558222283,4.304530452640311,2.438145658332526,2.438145658332526,1.5410412945032539,1.5410412945032539,0.9272711231326407,0.9272711231326407,0.4944911284642882,0.4944911284642882,-1.38,129.22533870330605,5.751233595800525,2.2593342006647616,1.2528322001978998,51.97174906707987,5.106527394840706,0.0,0.0,0.0,0.0,5.969305287951849,4.9839785209472085,4.794537184071822,0.0,0.0,0.0,12.13273413692322,12.393687143226153,5.563451491696996,9.901064578912528,5.969305287951849,0.0,4.9839785209472085,0.0,0.0,0.0,30.08987277184637,0.0,0.0,0.0,0.0,0.0,0.0,16.059811203739763,0.0,0.0,10.357988675768818,24.52642128014937,0.0,0.0,0.0,50.19,5.969305287951849,4.794537184071822,0.0,5.563451491696996,0.0,0.0,24.52642128014937,0.0,0.0,4.9839785209472085,5.106527394840706,0.0,0.0,13.837592592592593,8.357037037037037,0.26851851851851904,-0.9190740740740744,2.893518518518518,2.8957407407407407,0.0,0.0,0.0,9,1,3,0,0,0,0,1,1,2,1,3,1,0,0,0,1,0.7797999999999999,31.196299999999994,0,0,0,0,1,1,0,0,1,1,1,0,0,0,0,1,0,0,0,0,0,0,0,0,0,0,0,0,0,0,0,0,0,0,0,0,0,0,0,0,0,0,0,0,0,0,0,0,0,0,0,0,0,0,0,0,0,0,0,0,0,0,0,0,0,0,0,0,0,0,0,0,0,1,0,0,0,0,0,0,0,0,0,0,0
10.26914210128496,10.26914210128496,0.25407407407407456,-0.9336419753086422,0.675780363757627,9.3,156.56799999999998,151.528,155.99780708,52,0,0.3351799931332665,-0.47763924094516946,0.47763924094516946,0.3351799931332665,1.3,1.8,2.2,35.49569082876048,10.212807508968604,1.9859404319603908,-1.909946572312343,2.082250032926711,-1.9350488154733887,6.301764237780067,0.06966782804392427,1.8845053612018057,3.003400684579818,240.2879489264805,7.560477932315068,5.042827435731552,5.798756381750007,4.698377302757663,2.688080384532443,3.0660448575416703,1.8120455892392888,2.2484813697112735,1.0911722455341653,1.3431485608736502,0.5924655940031613,0.7184537516729038,-1.02,180.91251467537336,7.091358574610246,2.7089444566765426,1.4815230258237757,63.05536731301502,5.106527394840706,0.0,0.0,0.0,0.0,5.969305287951849,0.0,4.794537184071822,0.0,0.0,11.600939890232516,24.26546827384644,5.022633313741326,5.563451491696996,9.901064578912528,17.570245178184365,0.0,0.0,0.0,0.0,0.0,34.85155307928476,0.0,0.0,0.0,0.0,0.0,11.600939890232516,11.075832682792555,0.0,0.0,10.357988675768818,24.26546827384644,5.022633313741326,0.0,0.0,37.3,5.969305287951849,4.794537184071822,0.0,5.563451491696996,5.022633313741326,0.0,12.13273413692322,12.13273413692322,0.0,0.0,16.70746728507322,0.0,5.523420256991685,10.26914210128496,8.97891912320484,0.25407407407407456,-0.9336419753086422,6.019197530864197,0.0,0.0,0.0,0.0,10,1,2,0,0,0,1,0,1,1,1,3,1,0,0,0,1,2.0382,38.41130000000001,0,0,0,0,1,0,0,0,1,1,1,0,0,0,0,0,0,0,0,0,0,0,0,0,0,0,0,0,0,0,0,0,0,0,1,0,0,0,0,0,0,0,0,0,1,0,0,0,0,0,0,0,0,0,0,0,0,0,0,0,0,0,0,0,0,0,0,0,0,0,0,0,0,0,0,0,0,0,0,0,0,0,0,0,0
10.359738756613757,10.359738756613757,0.26925925925925953,-0.9234693877551023,0.6961288347721591,9.181818181818182,152.149,144.08499999999998,152.047344116,58,0,0.3351828615420761,-0.49676775216014213,0.49676775216014213,0.3351828615420761,1.3636363636363635,1.9090909090909092,2.272727272727273,16.465364821514267,10.199333808982258,1.9972438376399664,-1.9761324615260274,2.1005954852339643,-1.9454245139057729,5.871210285358533,0.06966315388153893,2.0456060352867365,2.9138015626758045,250.54461008172765,8.267584713501616,6.073111253186188,6.073111253186188,5.236382105218448,3.1114705837236243,3.1114705837236243,2.033654104630744,2.033654104630744,1.336969111747893,1.336969111747893,0.7335956604002217,0.7335956604002217,-1.5099999999999998,335.4793897870248,7.595374077976819,3.0531381005525,1.7031790754529077,64.23058843003683,9.843390348640755,5.749511833283905,0.0,0.0,0.0,5.969305287951849,0.0,4.794537184071822,0.0,0.0,0.0,24.26546827384644,0.0,12.673249032974528,14.637927532712576,5.969305287951849,0.0,0.0,0.0,0.0,7.109797541277533,29.828919765543436,0.0,5.749511833283905,4.736862953800049,0.0,5.749511833283905,0.0,18.18563022407009,0.0,0.0,10.357988675768818,24.26546827384644,0.0,0.0,0.0,46.53,5.969305287951849,4.794537184071822,0.0,5.563451491696996,5.749511833283905,0.0,19.242531678200752,12.13273413692322,0.0,0.0,9.843390348640755,4.855976946334089,0.0,10.359738756613757,8.507594482237339,0.26925925925925953,-0.26143235071806514,6.231388888888889,0.0,0.0,1.5374740173847317,0.125,11,1,3,0,0,0,1,0,1,2,1,3,2,0,0,0,1,1.3934,39.953300000000006,0,0,0,0,1,0,0,0,1,1,1,0,0,0,0,0,0,0,0,0,0,0,0,0,0,0,0,0,0,0,0,0,0,0,1,0,0,0,0,0,0,1,0,0,0,0,0,0,0,0,0,0,0,0,0,1,0,0,0,0,0,0,0,0,0,0,0,0,0,0,0,0,0,0,0,0,0,0,0,0,0,0,0,0,0
9.519305555555556,9.519305555555556,0.06944444444444442,-0.8356481481481481,0.4753919445136942,8.166666666666666,89.09399999999998,82.03799999999998,89.047678464,36,0,0.304125215871101,-0.48119525458647605,0.48119525458647605,0.304125215871101,1.8333333333333333,2.3333333333333335,2.3333333333333335,16.36518016150051,10.452807535199392,1.872247142381138,-1.80177778658151,1.6718787072610637,-2.0510855893421565,5.662785319578692,-0.13625975144470376,1.3485878960124225,2.831257109931365,52.75488750216347,4.99156383156272,3.3470257175265417,3.3470257175265417,2.770055610029662,1.6895326240390471,1.6895326240390471,0.9324136778181659,0.9324136778181659,0.3582030387883616,0.3582030387883616,0.12347528753566925,0.12347528753566925,-0.5700000000000001,14.834466856136647,5.43,2.6557336343115123,3.4299999999999993,35.76478180587526,10.84019487200289,0.0,0.0,0.0,0.0,5.969305287951849,4.794537184071822,0.0,0.0,0.0,0.0,0.0,6.544756405912575,6.4208216229260096,9.901064578912528,5.969305287951849,0.0,0.0,5.733667477162185,6.4208216229260096,6.544756405912575,0.0,0.0,0.0,5.733667477162185,0.0,0.0,0.0,17.62058908870513,4.794537184071822,0.0,6.4208216229260096,0.0,0.0,0.0,0.0,63.32000000000001,5.969305287951849,4.794537184071822,0.0,12.965578028838586,0.0,0.0,0.0,0.0,0.0,0.0,10.84019487200289,0.0,0.0,9.519305555555556,7.833472222222222,4.848611111111111,-0.8356481481481481,0.0,0.06944444444444442,0.2314814814814814,0.0,0.6666666666666666,6,3,3,0,0,0,0,0,0,2,2,3,2,0,0,0,0,-0.5802,21.307199999999995,1,0,0,0,0,0,0,0,1,1,1,0,0,0,0,0,0,1,0,0,0,0,0,0,0,0,0,0,0,0,0,0,0,0,0,0,0,0,0,0,0,0,0,0,0,0,0,0,0,0,0,0,0,0,0,0,0,0,0,0,0,0,0,0,0,0,0,0,0,0,0,0,0,0,0,0,0,0,0,0,0,0,0,0,0
5.3553656462585035,5.3553656462585035,0.6436805555555557,-2.318371913580247,0.592357405480932,12.0,179.292,162.15599999999998,179.09776993399998,68,0,0.4996872610645834,-0.3768249129363729,0.4996872610645834,0.3768249129363729,1.0909090909090908,1.5454545454545454,1.8181818181818181,28.390693340989646,10.503582622567645,2.3597250292769143,-2.232542679822658,2.1313484457150733,-2.4246702126426474,6.600499109459019,0.12293419212195265,2.0841652645137705,3.8352571576460592,89.56352280933721,8.742640687119286,7.4234154841408575,8.423415484140858,5.242640687119286,3.5989189881445207,5.530770640722658,2.187613662776101,5.278383937952129,1.620099760268685,4.452050990342192,0.8747546414099728,2.6242639242299184,0.056883116883116876,258.43649279970754,11.056883116883116,5.674803491031753,3.3038434610024403,68.9954608174478,19.011682555519936,0.0,0.0,0.0,0.0,8.80443515703238,0.0,0.0,0.0,0.0,0.0,12.965578028838586,27.37348840074907,0.0,13.278015078357752,8.80443515703238,0.0,0.0,5.733667477162185,12.46491739984248,27.874149029745176,0.0,0.0,0.0,5.733667477162185,0.0,0.0,0.0,36.678584186777556,13.278015078357752,0.0,6.4208216229260096,0.0,6.044095776916472,0.0,0.0,53.71000000000001,8.80443515703238,0.0,0.0,0.0,6.544756405912575,12.46491739984248,0.0,21.3293926238326,0.0,0.0,19.011682555519936,15.531666666666666,0.0,0.0,0.0,5.3553656462585035,0.0,0.7847222222222223,0.8767283950617284,0.6436805555555557,2.502280958679768,1.0,11,2,4,0,0,0,0,0,0,4,1,5,6,0,0,0,0,0.21330000000000005,45.259400000000014,0,0,0,0,0,0,0,0,0,0,0,0,0,0,0,0,0,1,0,0,0,0,0,0,0,0,0,0,0,0,0,0,0,0,0,0,0,0,0,0,0,0,0,0,0,0,0,0,0,0,0,0,0,0,0,0,0,0,0,0,0,0,0,0,0,0,0,0,0,0,0,0,0,0,0,0,0,0,0,0,0,0,0,0,0
4.16957836737387,4.16957836737387,1.0454040690350213,1.0454040690350213,0.2739409307220164,12.34375,437.61200000000014,410.39600000000024,437.192568864,160,0,0.05527887800210148,-0.3396423560497655,0.3396423560497655,0.05527887800210148,0.625,1.15625,1.65625,32.16658155233418,10.041377334465045,2.2383217078554587,-2.333091243999365,2.4984195482178415,-2.2164125412985123,7.993891671565543,0.665533655483642,2.8610086310710807,1.5324673046901303,1102.972262217003,21.752501608810675,18.36832675155124,19.184823332478967,15.830831138144497,11.37569360729361,12.192190188221335,8.151145433325793,9.234922389812613,5.983704503891341,7.077509616144873,4.271412714976735,5.445728811504272,-3.1099999999999985,37828668.1052647,20.77384196342212,9.576217541724954,4.280547836314907,194.10874692800107,4.899909730850478,0.0,0.0,0.0,0.0,0.0,9.967957041894417,0.0,0.0,0.0,50.08082115478299,77.20556413740688,41.12309764340043,11.374772549367124,0.0,23.13665749875824,0.0,9.967957041894417,0.0,42.397990642430216,11.444666136763054,85.45104497106843,0.0,22.253805966787983,4.899909730850478,11.374772549367124,0.0,11.761884949391115,16.51271344780699,0.0,0.0,32.60702369139466,95.24201192210397,0.0,22.253805966787983,0.0,29.020000000000003,0.0,0.0,0.0,0.0,0.0,6.544756405912575,69.1028319588947,0.0,36.54925923584342,82.45527465705163,0.0,0.0,1.8747199126564202,13.484617440635034,0.0,7.501881541311557,0.0,22.025027033660276,12.467758056301665,3.312662682101715,0.0,0.21428571428571427,32,0,3,0,1,1,2,2,4,4,0,4,7,0,0,0,5,7.993600000000006,134.61699999999993,0,0,0,0,0,2,0,0,0,0,0,0,0,0,0,3,0,0,0,0,0,0,0,0,0,0,0,0,0,2,0,0,0,0,2,0,2,0,0,0,0,0,0,0,0,0,0,0,0,0,0,0,0,0,0,0,0,0,0,0,0,0,0,0,0,0,0,0,0,0,0,0,0,2,0,0,0,0,0,0,0,0,0,2,0
4.777619411816941,4.777619411816941,0.9253755291906756,0.9253755291906756,0.13730226826328826,12.38,705.938,674.6899999999999,705.1803069919999,244,0,0.11275245694947734,-0.3396423559239248,0.3396423559239248,0.11275245694947734,0.48,0.92,1.36,32.16670061572904,9.971989240582749,2.255875459965919,-2.333467201170248,2.509770590071486,-2.216574443029832,7.9939236906363815,0.6655348036217815,3.8700779589742473,1.114561092251849,2310.226556341912,33.442371574193146,27.2830787912373,29.73256853402048,24.763484128522055,16.82178474667966,19.09887481428783,12.395387517227267,14.536059849425403,9.391923414111885,11.54262390207674,6.886416088543685,9.208246674068633,-5.0299999999999985,860017852968.9106,30.98673891587307,13.354637517654314,5.532154651158735,302.30994282399024,4.899909730850478,22.066802870465047,0.0,0.0,0.0,0.0,9.967957041894417,0.0,17.494159925665798,0.0,74.34628942862943,77.20556413740688,63.37690361018841,34.83114723976435,0.0,68.65983505962052,0.0,27.462116967560213,0.0,42.397990642430216,11.444666136763054,109.71651324491486,0.0,44.507611933575966,4.899909730850478,11.374772549367124,0.0,35.21825963978834,34.006873373472786,0.0,0.0,32.60702369139466,119.50748019595044,0.0,66.57441480404101,0.0,80.58,0.0,0.0,0.0,0.0,0.0,79.53999283287959,63.88457905957794,0.0,60.81472750968985,82.45527465705163,17.494159925665798,19.00149301637837,4.366367712151417,13.391384898550504,0.0,15.02357381120463,0.0,30.531618383918396,12.113089734865014,3.239139109598339,0.0,0.15,50,0,7,0,1,1,4,4,8,10,0,10,9,0,0,0,9,11.336999999999984,207.43499999999958,0,0,0,0,0,6,0,0,0,0,0,0,0,0,0,7,0,0,0,0,0,0,0,0,0,0,0,0,0,2,0,0,0,0,4,0,4,0,0,0,0,0,0,0,0,0,0,0,0,0,0,0,0,0,0,0,0,0,0,0,0,0,0,0,0,0,0,0,0,0,0,0,0,2,0,0,0,0,0,0,0,0,0,2,0
4.186481481481481,4.186481481481481,0.9149074074074075,0.9149074074074075,0.6317729528591784,9.666666666666666,156.18799999999996,148.12399999999997,156.068748256,58,0,0.0885599799424666,-0.2546211197806089,0.2546211197806089,0.0885599799424666,0.6666666666666666,1.1666666666666667,1.5,14.748250361086654,10.233912387042533,1.9485063258071957,-1.957598908328612,2.1031759200181885,-1.8328248624018042,5.521283843619562,1.2473416765926755,2.2067946744792137,2.457149480139045,305.23158955045676,8.225768350244728,6.513229344516924,6.513229344516924,5.9663264951887856,3.790961644183907,3.790961644183907,2.4299558010919213,2.4299558010919213,1.5922173903639911,1.5922173903639911,1.028549010839467,1.028549010839467,-1.6999999999999997,1023.9527289583551,6.97663873443496,3.1330480708103092,1.3207530831019143,70.92779328745401,0.0,0.0,0.0,0.0,0.0,0.0,9.967957041894417,0.0,0.0,0.0,12.13273413692322,24.26546827384644,12.393687143226153,11.387855989696922,0.0,0.0,0.0,9.967957041894417,0.0,0.0,0.0,48.791889553995816,0.0,11.387855989696922,0.0,0.0,0.0,0.0,9.967957041894417,0.0,0.0,0.0,48.791889553995816,0.0,11.387855989696922,0.0,25.78,0.0,0.0,0.0,0.0,0.0,11.387855989696922,0.0,12.393687143226153,36.39820241076966,9.967957041894417,0.0,0.0,0.0,8.372962962962962,0.0,1.829814814814815,0.0,11.594814814814816,3.535740740740741,0.0,0.0,0.0,12,0,2,0,0,0,0,2,2,2,0,2,1,0,0,0,2,2.1435999999999993,47.468000000000025,0,0,0,0,0,2,0,0,0,0,0,0,0,0,0,2,0,0,0,0,0,0,0,0,0,0,0,0,0,0,0,0,0,0,0,0,0,0,0,0,0,0,0,0,0,0,0,0,0,0,0,0,0,0,0,0,0,0,0,0,0,0,0,0,0,0,0,0,0,0,0,0,0,2,0,0,0,0,0,0,0,0,0,0,0
11.850541383219955,11.850541383219955,0.25,-4.200555555555555,0.6586513329711056,13.384615384615385,218.24699999999999,205.14299999999997,218.058605466,80,0,0.4999806178599463,-0.3768222333187974,0.4999806178599463,0.3768222333187974,1.0,1.3846153846153846,1.6153846153846154,28.390694012508433,10.482188716680955,2.4175471681925083,-2.2403815182893023,2.26284814300498,-2.430425489081199,6.600640734754405,-0.13241786866024507,2.0637550204087822,4.108033360860799,138.28546541887454,10.535533905932738,7.772851852792365,8.772851852792364,5.889087296526013,3.611170797787772,5.543022450365909,2.410562714742366,5.501332989918391,1.647672274497037,4.37607011397727,0.8510160041503062,2.553048012450919,-0.11311688311688314,454.0261044899321,12.88688311688312,4.9405593199178774,4.603725190919781,76.1521763292138,13.278015078357752,0.0,0.0,0.0,0.0,14.980733674475854,0.0,0.0,13.171245143024459,0.0,0.0,0.0,33.79431002367508,0.0,26.44926022138221,8.80443515703238,0.0,0.0,0.0,18.641215917285955,21.3293926238326,0.0,0.0,0.0,0.0,13.171245143024459,0.0,0.0,36.310126298308454,13.278015078357752,0.0,6.4208216229260096,0.0,6.044095776916472,0.0,0.0,27.69,21.401555297401863,13.171245143024459,0.0,6.044095776916472,0.0,0.0,21.3293926238326,0.0,0.0,0.0,13.278015078357752,50.0299574829932,0.0,0.0,0.0,0.0,0.0,-0.25,-5.150216049382715,0.0,0.814703010833963,1.0,13,0,3,0,0,0,0,0,0,3,0,7,5,0,0,0,0,1.8169,42.26000000000002,0,0,0,0,0,0,0,0,0,0,0,0,0,0,0,0,0,0,0,0,0,0,0,0,0,3,0,0,0,0,0,0,0,0,0,0,0,0,0,0,0,0,0,0,3,0,0,0,0,0,0,0,0,0,0,0,0,0,0,0,0,0,0,0,0,0,0,0,0,0,0,0,0,0,0,0,0,0,0,0,0,0,0,0,0
5.651388888888889,5.651388888888889,0.6357079868984631,-2.396496913580248,0.5977277142355135,12.0,221.37299999999993,198.18899999999996,221.14472012599998,86,0,0.5004732209673115,-0.37374399828448146,0.5004732209673115,0.37374399828448146,0.9285714285714286,1.3571428571428572,1.6428571428571428,28.390700577976265,10.503528168327733,2.3878699408613953,-2.277216158207088,2.168623133177759,-2.4576870195663516,6.602271417926076,0.0709648162709524,2.1605294429513613,4.210670443406352,118.20592425326386,10.86396103067893,9.544735827700501,10.544735827700501,6.7426406871192865,5.361519864097014,7.293371516675149,2.874279332756965,5.606330140325841,1.7798393687098562,4.931269815665704,1.3198143829493563,3.9594431488480697,0.056883116883116876,1050.0173092743617,14.05688311688312,8.372197402303255,5.066419437153193,88.09028716063763,19.011682555519936,0.0,0.0,0.0,0.0,8.80443515703238,0.0,0.0,0.0,0.0,0.0,33.736789627910454,25.864741670455228,0.0,13.278015078357752,8.80443515703238,0.0,0.0,5.733667477162185,33.23612899891435,26.36540229945133,0.0,0.0,0.0,5.733667477162185,0.0,0.0,0.0,35.16983745648371,13.278015078357752,0.0,27.19203322199788,0.0,6.044095776916472,0.0,0.0,53.71000000000001,8.80443515703238,0.0,0.0,0.0,26.36540229945133,12.46491739984248,0.0,0.0,20.771211599071872,0.0,19.011682555519936,16.954166666666666,0.0,0.0,0.0,5.479727891156463,0.0,0.8184722222222223,0.8950617283950617,8.443512849584279,-2.396496913580248,1.0,14,2,4,0,0,0,0,0,0,4,1,5,9,0,0,0,0,1.3835999999999997,59.11040000000004,0,0,0,0,0,0,0,0,0,0,0,0,0,0,0,0,0,1,0,0,0,0,0,0,0,0,0,0,0,0,0,0,0,0,0,0,0,0,0,0,0,0,0,0,0,0,0,0,0,0,0,0,0,0,0,0,0,0,0,0,0,0,0,0,0,0,0,0,0,0,0,0,0,0,0,0,0,0,0,0,0,0,0,0,0
3.844135802469136,3.844135802469136,0.8780864197530864,0.8780864197530864,0.44206371804860206,7.5,94.204,88.156,93.991092192,26,0,-0.0009316428648317837,-0.17851293923226547,0.17851293923226547,0.0009316428648317837,1.0,1.25,1.25,32.12043488392445,10.96370651501884,1.5718491480715493,-1.6703533810877846,1.726555794792478,-1.6398671595085377,7.837328226442,1.5867563720788735,1.370950594454669,1.9747448713915894,6.0,3.414213562373095,2.3086407533730107,4.097495135372842,1.914213562373095,1.1324555320336755,2.397366596101027,0.4472135954999578,1.3416407864998736,0.09999999999999996,0.8999999999999999,0.0,0.0,0.7,6.854752972273345,4.7,3.7,2.700000000000001,37.414326469029604,0.0,0.0,0.0,0.0,0.0,0.0,0.0,0.0,25.257578296025983,0.0,0.0,11.505707213493578,0.0,0.0,0.0,25.257578296025983,0.0,0.0,0.0,0.0,11.505707213493578,0.0,0.0,0.0,0.0,0.0,0.0,25.257578296025983,11.505707213493578,0.0,0.0,0.0,0.0,0.0,0.0,0.0,0.0,0.0,0.0,0.0,0.0,0.0,11.505707213493578,0.0,0.0,0.0,25.257578296025983,0.0,0.0,7.688271604938272,0.0,0.0,0.0,1.7561728395061729,0.0,0.0,0.0,0.0,1.0,4,0,0,0,0,0,0,0,0,2,2,2,1,0,0,0,0,0.8459999999999999,27.705999999999996,0,0,0,0,0,0,0,0,0,0,0,0,0,0,0,0,0,0,0,0,0,0,2,0,0,0,0,0,0,0,0,0,0,0,0,0,0,0,0,0,0,0,0,0,0,0,0,0,0,0,0,0,0,0,0,0,0,0,0,0,0,0,0,0,0,0,0,0,0,0,0,0,0,0,0,0,0,0,0,0,0,0,0,0,0
9.519305555555556,9.519305555555556,0.06944444444444442,-0.8356481481481481,0.4753919445136942,8.166666666666666,89.09399999999998,82.03799999999998,89.047678464,36,0,0.304125215871101,-0.48119525458647605,0.48119525458647605,0.304125215871101,1.8333333333333333,2.3333333333333335,2.3333333333333335,16.36518016150051,10.452807535199392,1.872247142381138,-1.80177778658151,1.6718787072610637,-2.0510855893421565,5.662785319578692,-0.13625975144470376,1.3485878960124225,2.831257109931365,52.75488750216347,4.99156383156272,3.3470257175265417,3.3470257175265417,2.770055610029662,1.6895326240390471,1.6895326240390471,0.9324136778181659,0.9324136778181659,0.3582030387883616,0.3582030387883616,0.12347528753566925,0.12347528753566925,-0.5700000000000001,14.834466856136647,5.43,2.6557336343115123,3.4299999999999993,35.76478180587526,10.84019487200289,0.0,0.0,0.0,0.0,5.969305287951849,4.794537184071822,0.0,0.0,0.0,0.0,0.0,6.544756405912575,6.4208216229260096,9.901064578912528,5.969305287951849,0.0,0.0,5.733667477162185,6.4208216229260096,6.544756405912575,0.0,0.0,0.0,5.733667477162185,0.0,0.0,0.0,17.62058908870513,4.794537184071822,0.0,6.4208216229260096,0.0,0.0,0.0,0.0,63.32000000000001,5.969305287951849,4.794537184071822,0.0,12.965578028838586,0.0,0.0,0.0,0.0,0.0,0.0,10.84019487200289,0.0,0.0,9.519305555555556,7.833472222222222,4.848611111111111,-0.8356481481481481,0.0,0.06944444444444442,0.2314814814814814,0.0,0.6666666666666666,6,3,3,0,0,0,0,0,0,2,2,3,2,0,0,0,0,-0.5802,21.307199999999995,1,0,0,0,0,0,0,0,1,1,1,0,0,0,0,0,0,1,0,0,0,0,0,0,0,0,0,0,0,0,0,0,0,0,0,0,0,0,0,0,0,0,0,0,0,0,0,0,0,0,0,0,0,0,0,0,0,0,0,0,0,0,0,0,0,0,0,0,0,0,0,0,0,0,0,0,0,0,0,0,0,0,0,0,0
9.519305555555556,9.519305555555556,0.06944444444444442,-0.8356481481481481,0.4753919445136942,8.166666666666666,89.09399999999998,82.03799999999998,89.047678464,36,0,0.304125215871101,-0.48119525458647605,0.48119525458647605,0.304125215871101,1.8333333333333333,2.3333333333333335,2.3333333333333335,16.36518016150051,10.452807535199392,1.872247142381138,-1.80177778658151,1.6718787072610637,-2.0510855893421565,5.662785319578692,-0.13625975144470376,1.3485878960124225,2.831257109931365,52.75488750216347,4.99156383156272,3.3470257175265417,3.3470257175265417,2.770055610029662,1.6895326240390471,1.6895326240390471,0.9324136778181659,0.9324136778181659,0.3582030387883616,0.3582030387883616,0.12347528753566925,0.12347528753566925,-0.5700000000000001,14.834466856136647,5.43,2.6557336343115123,3.4299999999999993,35.76478180587526,10.84019487200289,0.0,0.0,0.0,0.0,5.969305287951849,4.794537184071822,0.0,0.0,0.0,0.0,0.0,6.544756405912575,6.4208216229260096,9.901064578912528,5.969305287951849,0.0,0.0,5.733667477162185,6.4208216229260096,6.544756405912575,0.0,0.0,0.0,5.733667477162185,0.0,0.0,0.0,17.62058908870513,4.794537184071822,0.0,6.4208216229260096,0.0,0.0,0.0,0.0,63.32000000000001,5.969305287951849,4.794537184071822,0.0,12.965578028838586,0.0,0.0,0.0,0.0,0.0,0.0,10.84019487200289,0.0,0.0,9.519305555555556,7.833472222222222,4.848611111111111,-0.8356481481481481,0.0,0.06944444444444442,0.2314814814814814,0.0,0.6666666666666666,6,3,3,0,0,0,0,0,0,2,2,3,2,0,0,0,0,-0.5802,21.307199999999995,1,0,0,0,0,0,0,0,1,1,1,0,0,0,0,0,0,1,0,0,0,0,0,0,0,0,0,0,0,0,0,0,0,0,0,0,0,0,0,0,0,0,0,0,0,0,0,0,0,0,0,0,0,0,0,0,0,0,0,0,0,0,0,0,0,0,0,0,0,0,0,0,0,0,0,0,0,0,0,0,0,0,0,0,0
10.271409674981104,10.271409674981104,0.2585185185185188,-0.9305555555555556,0.5665891872452881,9.2,137.138,130.08199999999997,137.047678464,52,0,0.3351808337675886,-0.4776392362026082,0.4776392362026082,0.3351808337675886,1.3,1.8,2.2,16.365533517003602,10.191701563961232,1.98198063361727,-1.9251633400352666,2.037543613046827,-1.9508284078938862,5.8737963864151235,0.0696705430802485,1.8845053612018057,3.003400684579817,240.2879489264805,7.560477932315068,5.2422132319119505,5.2422132319119505,4.698377302757663,2.7877732826226422,2.7877732826226422,1.92716103233663,1.92716103233663,1.1576341775942978,1.1576341775942978,0.6256965600332277,0.6256965600332277,-1.5099999999999998,180.91251467537336,6.607785630153122,2.389632707443791,1.2539046385226678,58.09199178314606,10.84019487200289,0.0,0.0,0.0,0.0,5.969305287951849,0.0,4.794537184071822,0.0,0.0,0.0,24.26546827384644,5.687386274683562,5.563451491696996,9.901064578912528,11.656691562635412,0.0,0.0,0.0,0.0,5.733667477162185,29.828919765543436,0.0,0.0,5.733667477162185,5.687386274683562,0.0,0.0,11.075832682792555,0.0,0.0,10.357988675768818,24.26546827384644,0.0,0.0,0.0,63.32000000000001,5.969305287951849,4.794537184071822,0.0,5.563451491696996,5.687386274683562,0.0,12.13273413692322,12.13273413692322,0.0,0.0,10.84019487200289,0.0,0.0,10.271409674981104,8.434890400604687,6.1664777021919885,-0.9305555555555556,6.057777777777778,0.0,0.0,0.0,0.0,10,3,3,0,0,0,1,0,1,2,2,3,1,0,0,0,1,0.9670000000000001,37.81370000000001,0,0,0,1,1,0,0,0,1,1,1,0,0,0,0,0,0,1,0,0,0,0,0,0,0,0,0,0,0,1,0,0,0,0,1,0,0,0,0,0,0,0,0,0,0,0,0,0,0,0,0,0,0,0,0,0,0,0,0,0,0,0,0,0,0,0,0,0,0,0,0,0,0,0,0,0,0,0,0,0,0,0,0,0,0
14.411620527840768,14.411620527840768,1.046879144768304,-2.2293707482993197,0.5295099987401354,9.76923076923077,362.192,362.192,362.00271532,126,0,0.17134836397739994,-0.2053440842323478,0.2053440842323478,0.17134836397739994,0.46153846153846156,0.7307692307692307,0.9615384615384616,19.165038909904204,10.004967767552705,2.280556501147756,-2.086708089068717,2.263771736080179,-2.2491027162822324,5.886192128745538,0.4708195588237198,2.627593763123672,3.4783743439488437,1149.9384956942408,19.756630355021702,12.056641220055194,12.056641220055194,12.258855235072735,6.278320610027597,6.278320610027597,4.581107014527641,4.581107014527641,3.338553349451598,3.338553349451598,2.2259643151970065,2.2259643151970065,-4.02,431892.3316571117,18.32055420348871,6.469550893106261,2.296794353518539,139.48704541667558,0.0,47.05753599339942,23.26888336418358,0.0,0.0,0.0,0.0,26.34249028604892,21.047566218953946,0.0,0.0,0.0,0.0,21.209748380139327,26.34249028604892,21.918657489068124,21.047566218953946,0.0,0.0,0.0,0.0,45.34062499748511,0.0,24.276885251169094,10.437299951209736,26.34249028604892,0.0,0.0,0.0,0.0,80.22777651639841,0.0,0.0,0.0,21.918657489068124,0.0,95.16,67.25928248655323,26.34249028604892,0.0,0.0,0.0,24.276885251169094,0.0,0.0,0.0,0.0,21.047566218953946,85.39371189216428,0.0,0.0,28.043933618289678,-2.599270177206685,-13.025891912320485,4.1875165790732165,0.0,0.0,0.0,0.0,26,0,4,0,0,0,2,0,2,4,0,10,0,0,0,0,2,2.07012,72.214,0,0,0,0,0,0,0,0,0,0,0,0,0,0,0,4,0,0,0,0,0,0,0,0,0,0,0,0,0,0,0,0,0,0,2,0,1,0,0,0,0,0,0,0,6,0,0,0,0,0,0,0,0,0,0,0,0,4,0,0,0,0,0,0,0,0,0,0,0,0,0,0,0,0,0,0,0,0,0,0,0,0,0,0,0
5.651388888888889,5.651388888888889,0.6357079868984631,-2.396496913580248,0.5977277142355135,12.0,221.37299999999993,198.18899999999996,221.14472012599998,86,0,0.5004732209673115,-0.37374399828448146,0.5004732209673115,0.37374399828448146,0.9285714285714286,1.3571428571428572,1.6428571428571428,28.390700577976265,10.503528168327733,2.3878699408613953,-2.277216158207088,2.168623133177759,-2.4576870195663516,6.602271417926076,0.0709648162709524,2.1605294429513613,4.210670443406352,118.20592425326386,10.86396103067893,9.544735827700501,10.544735827700501,6.7426406871192865,5.361519864097014,7.293371516675149,2.874279332756965,5.606330140325841,1.7798393687098562,4.931269815665704,1.3198143829493563,3.9594431488480697,0.056883116883116876,1050.0173092743617,14.05688311688312,8.372197402303255,5.066419437153193,88.09028716063763,19.011682555519936,0.0,0.0,0.0,0.0,8.80443515703238,0.0,0.0,0.0,0.0,0.0,33.736789627910454,25.864741670455228,0.0,13.278015078357752,8.80443515703238,0.0,0.0,5.733667477162185,33.23612899891435,26.36540229945133,0.0,0.0,0.0,5.733667477162185,0.0,0.0,0.0,35.16983745648371,13.278015078357752,0.0,27.19203322199788,0.0,6.044095776916472,0.0,0.0,53.71000000000001,8.80443515703238,0.0,0.0,0.0,26.36540229945133,12.46491739984248,0.0,0.0,20.771211599071872,0.0,19.011682555519936,16.954166666666666,0.0,0.0,0.0,5.479727891156463,0.0,0.8184722222222223,0.8950617283950617,8.443512849584279,-2.396496913580248,1.0,14,2,4,0,0,0,0,0,0,4,1,5,9,0,0,0,0,1.3835999999999997,59.11040000000004,0,0,0,0,0,0,0,0,0,0,0,0,0,0,0,0,0,1,0,0,0,0,0,0,0,0,0,0,0,0,0,0,0,0,0,0,0,0,0,0,0,0,0,0,0,0,0,0,0,0,0,0,0,0,0,0,0,0,0,0,0,0,0,0,0,0,0,0,0,0,0,0,0,0,0,0,0,0,0,0,0,0,0,0,0
10.26914210128496,10.26914210128496,0.25407407407407456,-0.9336419753086422,0.675780363757627,9.3,156.56799999999998,151.528,155.99780708,52,0,0.3351799931332665,-0.47763924094516946,0.47763924094516946,0.3351799931332665,1.3,1.8,2.2,35.49569082876048,10.212807508968604,1.9859404319603908,-1.909946572312343,2.082250032926711,-1.9350488154733887,6.301764237780067,0.06966782804392427,1.8845053612018057,3.003400684579818,240.2879489264805,7.560477932315068,5.042827435731552,5.798756381750007,4.698377302757663,2.688080384532443,3.0660448575416703,1.8120455892392888,2.2484813697112735,1.0911722455341653,1.3431485608736502,0.5924655940031613,0.7184537516729038,-1.02,180.91251467537336,7.091358574610246,2.7089444566765426,1.4815230258237757,63.05536731301502,5.106527394840706,0.0,0.0,0.0,0.0,5.969305287951849,0.0,4.794537184071822,0.0,0.0,11.600939890232516,24.26546827384644,5.022633313741326,5.563451491696996,9.901064578912528,17.570245178184365,0.0,0.0,0.0,0.0,0.0,34.85155307928476,0.0,0.0,0.0,0.0,0.0,11.600939890232516,11.075832682792555,0.0,0.0,10.357988675768818,24.26546827384644,5.022633313741326,0.0,0.0,37.3,5.969305287951849,4.794537184071822,0.0,5.563451491696996,5.022633313741326,0.0,12.13273413692322,12.13273413692322,0.0,0.0,16.70746728507322,0.0,5.523420256991685,10.26914210128496,8.97891912320484,0.25407407407407456,-0.9336419753086422,6.019197530864197,0.0,0.0,0.0,0.0,10,1,2,0,0,0,1,0,1,1,1,3,1,0,0,0,1,2.0382,38.41130000000001,0,0,0,0,1,0,0,0,1,1,1,0,0,0,0,0,0,0,0,0,0,0,0,0,0,0,0,0,0,0,0,0,0,0,1,0,0,0,0,0,0,0,0,0,1,0,0,0,0,0,0,0,0,0,0,0,0,0,0,0,0,0,0,0,0,0,0,0,0,0,0,0,0,0,0,0,0,0,0,0,0,0,0,0,0
10.200925925925926,10.200925925925926,0.33101851851851904,-0.8790740740740743,0.6106035394285075,8.88888888888889,122.12299999999996,116.07499999999997,122.036779432,46,0,0.3351782346710392,-0.47763925058011736,0.47763925058011736,0.3351782346710392,1.2222222222222223,1.7777777777777777,2.111111111111111,16.365528064874464,10.215857796790882,1.9607739027535758,-1.8765596977532837,1.9553829899343618,-1.9306285909556453,5.868348678084365,0.06966674059501056,1.9003726279897948,2.981454614041131,203.415952604261,6.69023444431199,4.7422132319119505,4.7422132319119505,4.304530452640311,2.5884145455048704,2.5884145455048704,1.671177968192922,1.671177968192922,1.0207396434199782,1.0207396434199782,0.5807298335466442,0.5807298335466442,-1.31,129.22533870330605,5.820039011703511,2.306763635550358,1.2877050319358112,52.75210108613335,5.106527394840706,0.0,0.0,0.0,0.0,5.969305287951849,0.0,4.794537184071822,0.0,0.0,18.19910120538483,12.13273413692322,0.0,5.563451491696996,9.901064578912528,5.969305287951849,0.0,0.0,0.0,0.0,0.0,35.89528683400505,0.0,0.0,0.0,0.0,0.0,0.0,11.075832682792555,0.0,0.0,10.357988675768818,30.33183534230805,0.0,0.0,0.0,37.3,5.969305287951849,4.794537184071822,0.0,0.0,5.563451491696996,0.0,0.0,30.33183534230805,0.0,0.0,5.106527394840706,0.0,0.0,10.200925925925926,8.384814814814815,0.33101851851851904,-0.8790740740740743,8.295648148148148,0.0,0.0,0.0,0.0,9,1,2,0,0,0,1,0,1,1,1,2,1,0,0,0,1,1.3848,33.4013,0,0,0,0,1,0,0,0,1,1,1,0,0,0,0,0,0,0,0,0,0,0,0,0,0,0,0,0,0,0,0,0,0,0,1,0,0,0,0,0,0,0,0,0,0,0,0,0,0,0,0,0,0,0,0,0,0,0,0,0,0,0,0,0,0,0,0,0,0,0,0,0,0,0,0,0,0,0,0,0,0,0,0,0,0
10.271409674981104,10.271409674981104,0.2585185185185188,-0.9305555555555556,0.5665891872452881,9.2,137.138,130.08199999999997,137.047678464,52,0,0.3351808337675886,-0.4776392362026082,0.4776392362026082,0.3351808337675886,1.3,1.8,2.2,16.365533517003602,10.191701563961232,1.98198063361727,-1.9251633400352666,2.037543613046827,-1.9508284078938862,5.8737963864151235,0.0696705430802485,1.8845053612018057,3.003400684579817,240.2879489264805,7.560477932315068,5.2422132319119505,5.2422132319119505,4.698377302757663,2.7877732826226422,2.7877732826226422,1.92716103233663,1.92716103233663,1.1576341775942978,1.1576341775942978,0.6256965600332277,0.6256965600332277,-1.5099999999999998,180.91251467537336,6.607785630153122,2.389632707443791,1.2539046385226678,58.09199178314606,10.84019487200289,0.0,0.0,0.0,0.0,5.969305287951849,0.0,4.794537184071822,0.0,0.0,0.0,24.26546827384644,5.687386274683562,5.563451491696996,9.901064578912528,11.656691562635412,0.0,0.0,0.0,0.0,5.733667477162185,29.828919765543436,0.0,0.0,5.733667477162185,5.687386274683562,0.0,0.0,11.075832682792555,0.0,0.0,10.357988675768818,24.26546827384644,0.0,0.0,0.0,63.32000000000001,5.969305287951849,4.794537184071822,0.0,5.563451491696996,5.687386274683562,0.0,12.13273413692322,12.13273413692322,0.0,0.0,10.84019487200289,0.0,0.0,10.271409674981104,8.434890400604687,6.1664777021919885,-0.9305555555555556,6.057777777777778,0.0,0.0,0.0,0.0,10,3,3,0,0,0,1,0,1,2,2,3,1,0,0,0,1,0.9670000000000001,37.81370000000001,0,0,0,1,1,0,0,0,1,1,1,0,0,0,0,0,0,1,0,0,0,0,0,0,0,0,0,0,0,1,0,0,0,0,1,0,0,0,0,0,0,0,0,0,0,0,0,0,0,0,0,0,0,0,0,0,0,0,0,0,0,0,0,0,0,0,0,0,0,0,0,0,0,0,0,0,0,0,0,0,0,0,0,0,0
10.312226001511716,10.312226001511716,0.042222222222222605,-1.0926870748299324,0.5311522869582357,9.333333333333334,167.12,162.07999999999998,167.02185764,62,0,0.33518681796768635,-0.4776392031733409,0.4776392031733409,0.33518681796768635,1.3333333333333333,1.8333333333333333,2.1666666666666665,16.628247606870723,10.18954814761874,2.062431191831327,-1.9187427647441213,2.107810032489505,-1.955632522069848,5.872557989429254,-0.38444048338485587,2.0429109529537715,3.006149833729547,283.68319020476093,9.137828201504695,5.928573139150009,5.928573139150009,5.6090609052806215,3.087853317447919,3.087853317447919,2.109136373835506,2.109136373835506,1.3250737970423005,1.3250737970423005,0.7257232383083201,0.7257232383083201,-1.9099999999999997,473.955341085275,8.189108027750247,2.99667013888714,1.5708289759166219,67.40507680863315,5.106527394840706,0.0,0.0,0.0,5.687386274683562,5.969305287951849,10.114318268765572,4.794537184071822,0.0,0.0,0.0,12.13273413692322,12.13273413692322,10.486762540514666,14.824375627730198,11.656691562635412,0.0,0.0,0.0,0.0,0.0,39.94323803430901,0.0,0.0,0.0,5.687386274683562,0.0,0.0,15.999143731610225,0.0,10.114318268765572,10.357988675768818,24.26546827384644,0.0,0.0,0.0,80.44,10.892616336769521,14.908855452837393,0.0,11.250837766380558,0.0,12.13273413692322,12.13273413692322,0.0,0.0,0.0,5.106527394840706,0.0,0.0,19.874687736205594,18.584666005291005,-0.06888888888888811,-1.0926870748299324,4.702222222222222,0.0,0.0,0.0,0.0,12,1,5,0,0,0,1,0,1,3,1,5,2,0,0,0,1,1.293,40.05570000000001,0,0,0,0,1,0,0,0,1,1,1,0,0,0,0,1,0,0,0,0,0,0,0,0,0,0,0,0,0,0,0,0,0,0,1,0,0,0,0,0,0,0,0,0,0,0,0,0,0,0,0,0,0,0,0,0,0,0,1,1,1,0,0,0,0,0,0,0,0,0,0,0,0,0,0,0,0,0,0,0,0,0,0,0,0
10.568305342970522,10.568305342970522,0.19416666666666682,-3.9180313051146394,0.7912572208430698,11.583333333333334,251.016,242.95199999999997,249.939442846,66,0,0.3294105510672449,-0.32419095636761297,0.3294105510672449,0.32419095636761297,1.25,1.75,2.1666666666666665,79.91873100483541,10.238617971593662,2.12485655393118,-2.0242132161779405,2.384878509602084,-1.8510372977286582,9.102992448975035,0.3714994702849947,1.9103926272175589,2.783156979346279,302.9324565023694,9.190234444311992,6.144361407918015,8.624785138032635,5.472145112102215,3.2627047839956993,5.853306957256838,2.4492642563420106,5.0105359364180115,1.301802528700831,2.607558570757375,0.8276505806481,1.7784716787161856,-0.15000000000000008,359.1538139169011,9.934388185654008,3.7076812334351787,3.4984032241608003,78.71530076027483,9.78682320550495,0.0,0.0,0.0,0.0,7.595762326787885,4.565048284931329,0.0,0.0,0.0,28.06267803487257,17.696185628620217,4.472719515832414,6.161910027467921,14.351871490436281,23.525706224737235,0.0,0.0,0.0,6.161910027467921,0.0,34.30163928137585,0.0,0.0,0.0,0.0,0.0,23.525706224737235,9.78682320550495,10.726958312399251,0.0,5.563451491696996,28.738187789678854,0.0,0.0,0.0,57.53,7.595762326787885,4.565048284931329,0.0,6.161910027467921,5.563451491696996,4.472719515832414,0.0,24.26546827384644,0.0,15.929943897949348,9.78682320550495,11.468270069601916,3.2310193452380953,17.27954435941043,0.0,0.6449382716049386,0.0,6.877314814814815,-0.19416666666666682,0.0,-3.9180313051146394,0.14285714285714285,12,2,3,0,0,0,1,0,1,1,2,5,2,0,0,0,1,2.1268000000000002,49.89010000000002,0,0,0,0,0,0,0,0,0,0,0,0,0,0,0,0,0,0,0,0,0,0,0,0,0,0,0,0,0,0,0,0,0,0,1,0,0,0,0,0,0,0,0,0,1,0,0,0,0,0,0,0,0,0,0,0,0,0,0,0,0,0,0,0,0,0,0,0,0,0,0,0,0,0,0,0,0,0,0,0,0,0,0,0,0
10.686127645502646,10.686127645502646,0.003055555555556033,-4.103959750566894,0.6628854389767692,11.25,188.11900000000003,179.04699999999997,188.023845398,66,0,0.35571677108221217,-0.4967676949493845,0.4967676949493845,0.35571677108221217,1.25,1.75,2.0833333333333335,31.19093997293274,10.334641941809105,2.1527935334979995,-2.0361549303220814,2.3275594867438896,-2.0183811015158297,7.59801852634367,0.3869540307341704,2.031264688559135,3.005835933020747,299.68734400453286,9.19023444431199,6.467538444186105,7.361965635186021,5.537023368100676,3.239920624326748,4.852282591496817,2.242054423577674,3.8465104594781248,1.4087724315246697,2.3796135545542345,0.776412340601263,1.313866329657953,-0.8300000000000002,430.6281139745366,9.25952551477171,3.270691516275932,2.0762175531335725,69.96129838414032,14.523686159305,5.749511833283905,0.0,0.0,0.0,7.595762326787885,4.565048284931329,0.0,0.0,0.0,0.0,24.26546827384644,0.0,12.41433743751644,19.08873444423633,12.900302223026792,0.0,0.0,0.0,0.0,7.109797541277533,24.26546827384644,0.0,5.749511833283905,10.041402850038956,0.0,5.749511833283905,7.595762326787885,16.896620746782485,4.565048284931329,0.0,0.0,24.26546827384644,0.0,0.0,0.0,66.76,7.595762326787885,4.565048284931329,0.0,5.304539896238907,5.749511833283905,0.0,31.37526581512397,0.0,0.0,0.0,14.523686159305,15.51500393675989,0.0,17.445744520030235,0.003055555555556033,0.0,0.5761111111111115,5.710385802469135,0.0,0.0,-2.611412037037037,0.14285714285714285,12,2,4,0,0,0,1,0,1,2,2,5,2,0,0,0,1,0.4981999999999998,44.672100000000015,0,0,0,0,0,0,0,0,0,0,0,0,0,0,0,0,0,0,0,0,0,0,0,0,0,0,0,0,0,0,0,0,0,0,1,0,0,0,0,0,0,1,0,0,0,0,0,0,0,0,0,0,0,0,0,1,0,0,0,0,0,0,0,0,0,0,0,0,0,0,0,0,0,0,0,0,0,0,0,0,0,0,0,0,0
10.527314814814815,10.527314814814815,0.06481481481481532,-4.018070987654322,0.5844968188232009,11.4,158.093,151.03699999999998,158.013280714,54,0,0.3557121510544099,-0.32103914902694114,0.3557121510544099,0.32103914902694114,1.1,1.6,1.9,31.19093977016025,10.370507062391937,2.1410054048599814,-2.0017148797161455,2.317702249159444,-2.0059137222068366,7.597991075997718,0.3871696637880859,1.8822423779323865,3.087636787033165,250.95525572342748,7.612884175122366,5.136640422911866,6.031067613911783,4.605171715522539,2.7168645861079943,4.329226553278063,1.8795782871398516,3.484034323040303,1.0925429631967554,2.0633840862263204,0.6221854995484752,1.1827008832699533,-0.63,165.63732925805002,7.476723585912486,2.5433001635181633,1.6729522217044486,58.48281104023684,9.78682320550495,0.0,0.0,0.0,0.0,7.595762326787885,4.565048284931329,0.0,0.0,0.0,18.19910120538483,12.13273413692322,0.0,5.304539896238907,14.351871490436281,12.900302223026792,0.0,0.0,0.0,0.0,0.0,30.33183534230805,0.0,0.0,5.304539896238907,0.0,0.0,7.595762326787885,9.78682320550495,4.565048284931329,0.0,0.0,30.33183534230805,0.0,0.0,0.0,57.53,7.595762326787885,4.565048284931329,0.0,5.304539896238907,0.0,0.0,12.13273413692322,18.19910120538483,0.0,0.0,9.78682320550495,10.527314814814815,0.0,17.200185185185184,0.06481481481481532,0.0,0.0,7.697978395061728,0.0,0.0,-4.018070987654322,0.0,10,2,3,0,0,0,1,0,1,1,2,4,1,0,0,0,1,0.4895999999999999,38.120100000000015,0,0,0,0,0,0,0,0,0,0,0,0,0,0,0,0,0,0,0,0,0,0,0,0,0,0,0,0,0,0,0,0,0,0,1,0,0,0,0,0,0,0,0,0,0,0,0,0,0,0,0,0,0,0,0,0,0,0,0,0,0,0,0,0,0,0,0,0,0,0,0,0,0,0,0,0,0,0,0,0,0,0,0,0,0
10.644035808767953,10.644035808767953,0.06805555555555509,-4.157814625850341,0.6156561056376996,10.75,183.103,177.05499999999998,183.008529682,62,0,0.35571364028603397,-0.3210391413125126,0.35571364028603397,0.3210391413125126,1.25,1.75,2.0833333333333335,31.19093995267754,10.23159069400235,2.1512460294222455,-2.013194113966485,2.321246557306879,-2.018150501055605,7.598012065569094,0.3871671061600061,2.031264688559135,3.1102332847749254,359.2330327163829,9.19023444431199,6.006503749222199,6.900930940222115,5.537023368100676,3.1011549863809322,4.713516953551,2.202706551420029,3.8071625873204797,1.3327535191814468,2.303594642211012,0.7301571279526577,1.2676111170093478,-1.1400000000000001,430.6281139745366,8.95208103130755,3.0770743692046896,1.925589341573688,69.24033283610216,9.78682320550495,0.0,0.0,0.0,0.0,7.595762326787885,4.565048284931329,0.0,5.261891554738487,0.0,0.0,24.26546827384644,0.0,16.937212700728175,14.351871490436281,12.900302223026792,5.261891554738487,0.0,0.0,0.0,0.0,29.828919765543436,0.0,6.069221312792274,5.304539896238907,0.0,0.0,7.595762326787885,9.78682320550495,4.565048284931329,11.33111286753076,5.563451491696996,24.26546827384644,0.0,0.0,0.0,81.32000000000001,7.595762326787885,4.565048284931329,0.0,5.304539896238907,5.563451491696996,0.0,24.26546827384644,0.0,6.069221312792274,0.0,15.048714760243438,10.644035808767953,0.0,17.361560846560845,8.319180366591082,0.3816666666666668,0.0,7.090259826152684,0.0,0.0,-4.157814625850341,0.0,12,2,4,0,0,0,1,0,1,2,2,5,1,0,0,0,1,0.36127999999999993,42.83510000000001,0,0,0,0,0,0,0,0,0,0,0,0,0,0,0,1,0,0,0,0,0,0,0,0,0,0,0,0,0,0,0,0,0,0,1,0,0,0,0,0,0,0,0,0,0,0,0,0,0,0,0,0,0,0,0,0,0,1,0,0,0,0,0,0,0,0,0,0,0,0,0,0,0,0,0,0,0,0,0,0,0,0,0,0,0
9.569444444444445,9.569444444444445,0.5625,-3.8688271604938276,0.38190200431833876,11.833333333333334,111.03699999999998,104.98899999999999,111.008529682,38,0,0.33849947010181175,-0.32353991662754444,0.33849947010181175,0.32353991662754444,1.6666666666666667,1.8333333333333333,1.8333333333333333,31.190904723116507,11.550911124011833,2.0520462779393065,-1.923931520507005,2.297952240889291,-1.9739266110078988,7.51161855193279,0.37354598829285907,1.3516441151533922,3.4788087181133607,74.86238311218402,5.207106781186548,3.03434612733991,3.928773318339826,2.5606601717798214,1.3070502423157562,3.104654146019543,0.8472583784687916,2.5417751354063753,0.2378349154355382,0.7135047463066146,0.0,0.0,0.10999999999999999,12.16479703638053,6.11,1.7075182039915258,4.110000000000002,35.13054964558214,15.520490682667134,0.0,0.0,0.0,0.0,7.595762326787885,4.565048284931329,0.0,0.0,0.0,0.0,0.0,0.0,6.285844810454487,14.351871490436281,7.595762326787885,0.0,0.0,5.733667477162185,0.0,6.285844810454487,0.0,0.0,0.0,5.733667477162185,0.0,0.0,7.595762326787885,16.072668015959437,4.565048284931329,0.0,0.0,0.0,0.0,0.0,0.0,83.55000000000001,13.881607137242373,4.565048284931329,0.0,0.0,0.0,0.0,0.0,0.0,0.0,5.733667477162185,9.78682320550495,9.569444444444445,0.0,15.625,0.0,4.542438271604938,0.0,0.0,-0.5625,0.0,-3.8688271604938276,1.0,6,4,4,0,0,0,0,0,0,2,3,5,1,0,0,0,0,-0.9197000000000002,21.098499999999998,0,0,0,0,0,0,0,0,0,0,0,0,0,0,0,0,0,1,0,0,0,0,0,0,0,0,0,0,0,0,0,0,0,0,0,0,0,0,0,0,0,0,0,0,0,0,0,0,0,0,0,0,0,0,0,0,0,0,0,0,0,0,0,0,0,0,0,0,0,0,0,0,0,0,0,0,0,0,0,0,0,0,0,0,0
9.243055555555555,9.243055555555555,0.2777777777777779,-0.9675925925925923,0.42117088793654706,7.4,75.067,70.027,75.0320284,30,0,0.31675597840558584,-0.4802971300243957,0.4802971300243957,0.31675597840558584,2.0,2.2,2.2,16.366059254527034,10.717499991234314,1.805032142420421,-1.726114540149436,1.43390247565876,-2.1042293463557664,5.680936538605491,-0.1348391979770351,1.3787834934861756,2.847378923087672,42.91260938324327,4.284457050376173,2.639918936339994,2.639918936339994,2.270055610029662,1.1895326240390474,1.1895326240390474,0.5978626884552846,0.5978626884552846,0.17462042625086102,0.17462042625086102,0.0,0.0,-0.5700000000000001,9.65148445440323,4.43,1.7215451895043727,3.429999999999999,29.39983969147865,10.84019487200289,0.0,0.0,0.0,0.0,5.969305287951849,4.794537184071822,0.0,0.0,0.0,0.0,0.0,0.0,6.544756405912575,9.901064578912528,5.969305287951849,0.0,0.0,5.733667477162185,0.0,6.544756405912575,0.0,0.0,0.0,5.733667477162185,0.0,0.0,0.0,17.62058908870513,4.794537184071822,0.0,0.0,0.0,0.0,0.0,0.0,63.32000000000001,5.969305287951849,4.794537184071822,0.0,6.544756405912575,0.0,0.0,0.0,0.0,0.0,5.733667477162185,5.106527394840706,0.0,0.0,9.243055555555555,7.597222222222222,4.5717592592592595,-0.9675925925925923,0.0,0.0,-0.2777777777777779,0.0,0.5,5,3,3,0,0,0,0,0,0,2,2,3,1,0,0,0,0,-0.9702999999999999,16.6902,1,0,0,0,0,0,0,0,1,1,1,0,0,0,0,0,0,1,0,0,0,0,0,0,0,0,0,0,0,0,0,0,0,0,0,0,0,0,0,0,0,0,0,0,0,0,0,0,0,0,0,0,0,0,0,0,0,0,0,0,0,0,0,0,0,0,0,0,0,0,0,0,0,0,0,0,0,0,0,0,0,0,0,0,0
5.198827160493828,5.198827160493828,0.8333333333333334,-2.2872608024691354,0.5105955439368338,12.0,196.344,180.21599999999998,196.058941902,68,0,0.49966853861445854,-0.3768250918756969,0.49966853861445854,0.3768250918756969,1.0909090909090908,1.5454545454545454,1.8181818181818181,32.11686665430435,10.570621258809155,2.3597388217725586,-2.2322136140906417,2.1424360953746735,-2.4213401311541327,7.79743524416552,0.1232814910426781,2.0841652645137705,3.8352571576460592,89.56352280933721,8.742640687119286,7.29327881045119,9.187706001451104,5.242640687119286,3.5068984636974956,6.071205648309308,2.122545325931267,5.660529196607253,1.5740894980451725,4.722268494135517,0.8517495102982166,3.0295901799199063,0.4468831168831169,258.43649279970754,11.446883116883116,6.0178671647308795,3.5713415529744896,74.81063678383683,13.278015078357752,0.0,0.0,0.0,0.0,8.80443515703238,0.0,0.0,12.628789148012991,0.0,0.0,12.1736752296728,27.37348840074907,0.0,13.278015078357752,21.43322430504537,0.0,0.0,0.0,12.46491739984248,27.08224623057939,0.0,0.0,0.0,0.0,0.0,0.0,12.628789148012991,35.88668138761177,13.278015078357752,0.0,6.4208216229260096,0.0,6.044095776916472,0.0,0.0,27.69,8.80443515703238,0.0,0.0,0.0,0.0,18.21777100658927,0.0,21.3293926238326,0.0,12.628789148012991,13.278015078357752,15.596481481481483,4.1045675862937765,0.0,0.0,0.0,0.8381250000000001,0.8333333333333334,0.9631481481481481,0.0,2.5810111174099273,1.0,11,0,3,0,0,0,0,0,0,4,1,5,6,0,0,0,0,1.1844,50.058000000000035,0,0,0,0,0,0,0,0,0,0,0,0,0,0,0,0,0,0,0,0,0,0,1,0,0,0,0,0,0,0,0,0,0,0,0,0,0,0,0,0,0,0,0,0,0,0,0,0,0,0,0,0,0,0,0,0,0,0,0,0,0,0,0,0,0,0,0,0,0,0,0,0,0,0,0,0,0,0,0,0,0,0,0,0,0
11.839468419312169,11.839468419312169,0.8057438114134543,-4.93713104686319,0.4277164322519931,13.421052631578947,318.10599999999994,309.03399999999993,318.009179338,114,0,0.4118347621131302,-0.468526880771569,0.468526880771569,0.4118347621131302,1.0,1.368421052631579,1.631578947368421,31.191356340508843,10.72941366581491,2.3947402870584362,-2.1879876691087516,2.4964130054400098,-2.221812451207766,7.543920170582562,-0.16577569346471424,2.2201933953596678,4.720051054910752,328.86764601863035,15.319990956308912,9.377562229434277,10.271989420434194,8.36872058427027,4.452350764446859,6.180251411490866,3.122380807189895,5.176816617442493,1.4002384895552078,3.0907199966961665,0.694299857186487,2.0828995715594614,-0.8000000000000003,4815.599474535119,18.2,6.575910494726415,9.738966767963925,102.88721433667885,4.736862953800049,6.161910027467921,13.213763929025836,0.0,0.0,25.917664649626683,18.407079792426785,0.0,26.34249028604892,0.0,0.0,0.0,0.0,7.109797541277533,49.48643303227576,13.565067614739736,0.0,0.0,0.0,12.35259703488695,26.485471497771293,0.0,0.0,0.0,0.0,26.34249028604892,0.0,7.595762326787885,44.80737382061009,23.143942746226834,0.0,0.0,0.0,0.0,0.0,0.0,61.83000000000001,45.29333860612044,35.70207575505207,0.0,0.0,0.0,7.109797541277533,0.0,0.0,0.0,13.784357277223684,0.0,94.0823972505669,0.0,10.759485544217688,0.0,0.0,-1.3262200806248423,0.0,-11.225789871504157,-4.223949987402369,-4.0937006330309895,0.8571428571428571,19,0,5,0,0,0,0,0,0,5,0,12,6,0,0,0,0,2.510300000000001,48.50350000000002,0,0,0,0,0,0,0,0,0,0,1,1,0,0,0,0,0,0,0,0,0,0,0,0,0,6,0,0,0,0,0,0,0,0,0,0,0,0,0,0,1,1,0,0,6,0,0,0,0,0,0,0,0,0,0,1,0,0,0,0,0,0,0,0,0,0,0,0,0,0,0,0,0,0,0,0,0,0,0,0,0,0,0,0,0
10.534722222222221,10.534722222222221,1.729166666666667,-4.402777777777778,0.4706748907200954,12.0,100.03900000000002,97.01500000000001,100.013599376,38,0,0.41100300461617556,-0.38694577075923503,0.41100300461617556,0.38694577075923503,1.3333333333333333,1.5,1.5,19.413287322460956,10.731418769525906,2.240695021670211,-1.9536152973638035,2.1069378396320535,-2.1169355036360775,4.387281990635489,-0.15925719841130034,1.3516441151533922,3.168489872670569,38.54808140664299,5.207106781186548,2.7882137957141873,2.7882137957141873,2.5606601717798214,1.2367278661239525,1.2367278661239525,0.7732914601627696,0.7732914601627696,0.179284291400159,0.179284291400159,0.0,0.0,-0.25,12.16479703638053,5.75,1.4660493827160495,3.75,32.39503310320087,5.106527394840706,6.606881964512918,0.0,0.0,0.0,6.176298517443475,0.0,0.0,13.171245143024459,0.0,0.0,0.0,0.0,0.0,18.277772537865165,0.0,0.0,0.0,0.0,6.176298517443475,6.606881964512918,0.0,0.0,0.0,0.0,13.171245143024459,0.0,0.0,17.889707876797097,0.0,0.0,0.0,0.0,0.0,0.0,0.0,20.23,12.783180481956393,13.171245143024459,0.0,0.0,0.0,0.0,0.0,0.0,0.0,0.0,5.106527394840706,31.604166666666664,0.0,0.0,7.277777777777778,0.0,0.0,0.0,-4.402777777777778,-1.729166666666667,0.0,1.0,6,1,1,0,0,0,0,0,0,1,1,4,0,0,0,0,0,0.5410000000000001,13.140800000000002,0,1,1,0,0,0,0,0,0,0,0,0,0,0,0,0,0,0,0,0,0,0,0,0,0,3,0,0,0,0,0,0,0,0,0,0,0,0,0,0,0,0,0,0,3,0,0,0,0,0,0,0,0,0,0,0,0,0,0,0,0,0,0,0,0,0,0,0,0,0,0,0,0,0,0,0,0,0,0,0,0,0,0,0,0
9.590277777777779,9.590277777777779,0.24537037037037024,-0.24537037037037024,0.38296659073251405,6.8,74.079,68.03099999999999,74.036779432,30,0,0.3018471669894446,-0.46919810705104836,0.46919810705104836,0.3018471669894446,1.8,2.0,2.0,16.522022615331466,10.833750311743815,1.752248095909371,-1.8043066100873437,1.5985862655729968,-1.8811948381223973,5.6506461469695,-0.13745004487904483,1.3787834934861756,2.847378923087672,40.1577218810798,4.284457050376173,3.3164965809277263,3.3164965809277263,2.270055610029662,1.3164965809277263,1.3164965809277263,0.695705769029128,0.695705769029128,0.2874574785652649,0.2874574785652649,0.0,0.0,-0.53,9.65148445440323,4.469999999999999,1.7581844380403455,3.469999999999999,30.74420258617341,4.736862953800049,0.0,0.0,0.0,0.0,5.969305287951849,4.794537184071822,0.0,0.0,0.0,0.0,0.0,6.923737199690624,7.109797541277533,9.53140013787187,5.969305287951849,0.0,0.0,0.0,6.923737199690624,7.109797541277533,0.0,0.0,0.0,0.0,0.0,0.0,0.0,13.079102829229383,9.53140013787187,0.0,6.923737199690624,0.0,0.0,0.0,0.0,26.3,0.0,4.794537184071822,0.0,5.969305287951849,0.0,0.0,14.033534740968157,0.0,0.0,4.736862953800049,0.0,4.111111111111111,0.0,9.590277777777779,0.0,0.0,-0.24537037037037024,0.0,0.0,1.3611111111111112,1.349537037037037,0.6666666666666666,5,0,2,0,0,0,0,0,0,2,0,2,0,0,0,0,0,0.17930000000000001,17.689999999999998,0,0,0,0,0,0,0,0,0,0,1,1,0,0,0,0,0,0,0,0,0,0,0,0,0,0,0,0,0,0,0,0,0,0,0,0,0,0,0,0,1,1,0,0,0,0,0,0,0,0,0,0,0,0,0,1,0,0,0,0,0,0,0,0,0,0,0,0,0,0,0,0,0,0,0,0,0,0,0,0,0,0,0,0,0
8.881944444444445,8.881944444444445,4.638888888888889,-4.638888888888889,0.34189065943069985,11.8,97.99399999999999,94.97,97.97689520600001,32,0,0.46647404666265296,-0.30276308220727643,0.46647404666265296,0.30276308220727643,1.2,1.2,1.2,31.204228293369876,15.771696919319565,1.9973509016891706,-1.820251816496783,2.2534362804956802,-1.655258217841864,7.447133331142706,0.27514097945884425,0.7219280948873623,3.4720664956001186,49.78353986569366,4.5,2.1971026724636946,3.091529863463611,2.0,0.7825741858350553,2.347722557505166,0.5132771315782926,1.5398313947348776,0.0,0.0,0.0,0.0,0.10999999999999996,3.6096404744368114,5.109999999999999,1.0648297577687837,1512.2422314049604,28.30662084449607,14.680234808257424,0.0,0.0,0.0,0.0,7.822697123132171,0.0,4.565048284931329,0.0,0.0,0.0,0.0,0.0,0.0,19.245283093188757,7.822697123132171,0.0,0.0,0.0,0.0,0.0,0.0,0.0,0.0,0.0,0.0,0.0,7.822697123132171,14.680234808257424,4.565048284931329,0.0,0.0,0.0,0.0,0.0,0.0,77.76,7.822697123132171,0.0,0.0,0.0,0.0,0.0,0.0,0.0,0.0,0.0,19.245283093188757,8.881944444444445,0.0,21.5625,0.0,0.0,0.0,0.0,0.0,0.0,-4.638888888888889,0.0,5,3,4,0,0,0,0,0,0,1,3,5,0,0,0,0,0,-0.9286000000000001,14.262899999999998,0,0,0,0,0,0,0,0,0,0,0,0,0,0,0,0,0,0,0,0,0,0,0,0,0,0,0,0,0,0,0,0,0,0,0,0,0,0,0,0,0,0,0,0,0,0,0,0,0,0,0,0,0,0,0,0,0,0,0,0,0,0,0,0,0,0,0,1,0,0,0,0,0,0,0,0,0,0,0,0,0,0,0,0,0
15.300890849076996,15.300890849076996,0.07989916902486938,-1.6535707101316166,0.07993737803800822,11.194444444444445,972.9860000000003,930.65,972.311025144,360,0,0.1940364126790819,-0.4967658832525265,0.4967658832525265,0.1940364126790819,0.3055555555555556,0.5277777777777778,0.75,19.172761934198554,10.085356008028437,2.252401472311879,-2.258275887941021,2.432093109717308,-2.095999740503282,5.942636508408455,0.41438231993791114,3.9722809607304512,1.1490835346874082,3185.088420605676,50.20743809765209,39.010142457599414,39.010142457599414,34.95579369177178,22.40896958022386,22.40896958022386,16.5039231731583,16.5039231731583,12.391500867330445,12.391500867330445,8.859527527090451,8.859527527090451,-9.040000000000004,1.9472961768710828e+16,46.67724641044171,19.393988627763,8.673462366985808,409.83491424854157,37.881470572483856,22.99804733313562,34.90332504627537,0.0,0.0,0.0,0.0,26.34249028604892,0.0,0.0,24.26546827384644,144.58697848954947,58.38978592194781,62.23522013940669,45.289942101249125,45.157719083333895,0.0,9.13419929558271,0.0,0.0,38.23900962681109,216.89433710012366,0.0,56.88757885559366,28.747271276901152,60.4668079341503,22.99804733313562,0.0,37.57338946069284,0.0,34.90332504627537,0.0,181.9910120538483,0.0,44.92293295769056,0.0,53.260000000000005,34.90332504627537,8.78083009534964,17.56166019069928,11.374772549367124,56.54620774145905,58.38978592194781,0.0,49.706123597616056,155.39262910477962,0.0,18.947451815200196,115.28870087914913,0.0,4.02637820782729,0.0,7.047753410820388,-6.3601022236837474,51.65616396604762,0.0,0.0,6.341105759839308,0.06896551724137931,72,0,8,0,0,0,8,2,10,8,0,14,14,0,0,0,10,15.563799999999967,268.79599999999976,0,0,0,0,0,2,0,0,0,0,0,0,0,0,0,4,0,0,0,0,0,0,0,0,0,0,0,0,0,6,0,0,0,0,8,0,1,0,0,0,0,4,0,0,6,0,0,0,0,0,0,0,0,0,0,4,0,0,0,0,0,0,0,0,0,0,0,0,0,0,0,0,0,0,0,0,0,0,0,0,0,0,0,0,0
5.304675925925926,5.304675925925926,0.6782407407407407,0.6782407407407407,0.5816466374135061,9.285714285714286,113.18499999999997,106.12899999999999,113.029920224,38,0,0.027328423055419167,-0.32582785039054557,0.32582785039054557,0.027328423055419167,1.7142857142857142,2.5714285714285716,2.857142857142857,32.13347254664456,10.478522257131411,1.8236052228477715,-1.7907020333939603,2.0476952421156738,-1.9034149145631991,7.094199602428323,1.1073756559332253,2.139132575078347,2.762608341443769,122.63609436412281,5.112884175122364,3.9247561484089135,4.741252729336639,3.431851652578137,2.156969887946064,3.036622699200959,1.2834876380412819,2.315732820403035,0.7812855372908906,1.680002001351764,0.42872635868248876,1.014013549071557,-0.3400000000000001,66.31310982742876,4.81015015015015,2.0947428914233517,1.0109805908613307,46.77659920131778,5.733667477162185,0.0,0.0,0.0,0.0,0.0,0.0,0.0,0.0,11.336785877934737,6.06636706846161,11.446429838927525,11.421903599613874,0.0,0.0,11.336785877934737,0.0,0.0,5.733667477162185,6.544756405912575,0.0,22.389944101090435,0.0,0.0,5.733667477162185,0.0,0.0,11.336785877934737,0.0,6.544756405912575,0.0,4.877147193701299,17.512796907389134,0.0,0.0,0.0,26.02,0.0,0.0,0.0,0.0,6.544756405912575,0.0,4.877147193701299,11.336785877934737,17.512796907389134,0.0,5.733667477162185,0.0,1.6979166666666665,1.2500000000000002,2.0299537037037036,5.304675925925926,0.0,4.039212962962964,0.0,0.6782407407407407,0.0,0.2,7,2,1,0,0,0,0,1,1,2,1,2,1,0,0,0,1,1.2068,32.2104,0,0,0,0,0,0,0,0,0,0,0,0,0,0,0,0,0,1,0,0,0,0,0,0,0,0,0,0,0,0,0,0,0,0,0,0,0,0,0,0,0,0,0,0,0,0,0,0,0,0,0,0,0,0,0,0,0,0,0,0,0,0,0,0,0,0,0,0,0,0,0,0,0,0,0,0,0,0,0,0,0,0,1,0,0
10.979922452554126,10.979922452554126,0.039335369950449284,-3.8907424704568765,0.5389315690349801,12.347826086956522,331.352,309.17600000000004,331.1337301939999,122,0,0.3250631100829105,-0.3404746456390802,0.3404746456390802,0.3250631100829105,0.9130434782608695,1.434782608695652,1.9130434782608696,31.190889903582157,10.08692766759987,2.1337260544321475,-2.0825322842548304,2.356580928421906,-1.990533876471266,7.512464879893674,0.37030032391093953,2.7545926523984803,1.9878763562459094,848.1569777442899,16.612519696192862,13.489631412347645,14.38405860334756,10.849155209813961,7.888311056793861,9.685914960497646,6.288242498467714,8.064824479235144,4.256995438372593,5.155797390224486,3.1603278658946636,3.795876820992842,-1.6099999999999997,152678.80694449056,16.254918356525348,6.120849746668955,3.4995354255459903,135.45492469769658,14.353922853296304,0.0,0.0,0.0,0.0,7.595762326787885,4.565048284931329,0.0,0.0,0.0,23.259637120317212,50.954585919079705,34.51251629754261,0.0,14.351871490436281,29.401612190949997,0.0,4.567099647791355,0.0,33.23387405114585,6.161910027467921,47.52510539416365,0.0,0.0,0.0,0.0,0.0,7.595762326787885,20.515832880764226,11.109804690843905,13.847474399381248,23.968546229246012,36.39820241076966,0.0,21.805849864162113,0.0,62.46000000000001,7.595762326787885,4.565048284931329,0.0,6.161910027467921,6.4208216229260096,12.965578028838586,32.93275284755611,0.0,0.0,54.812776457942256,9.78682320550495,13.247008305413788,0.0,17.967483073016982,2.4975704680020163,4.846176348536559,0.0,12.929459132933008,1.2472816935416142,4.961319004568463,-3.8907424704568765,0.3333333333333333,23,2,4,0,0,0,2,1,3,2,2,5,5,0,0,0,3,4.369240000000005,95.06310000000005,0,0,0,0,0,1,0,0,0,0,0,0,0,0,0,1,0,0,0,0,0,0,0,0,0,0,0,0,0,0,3,0,0,0,2,0,3,0,0,0,0,0,0,0,0,0,0,0,0,0,0,0,0,0,0,0,0,0,0,0,0,0,0,0,0,0,0,0,0,0,0,0,0,0,0,0,0,0,0,0,0,0,0,1,0
10.187708333333333,10.187708333333333,0.0127314814814814,-0.3622685185185186,0.5657474623417592,62.5,167.25199999999998,150.11599999999996,167.131014164,68,0,0.0670169990243937,-0.38979949585254897,0.38979949585254897,0.0670169990243937,1.0833333333333333,1.6666666666666667,2.0833333333333335,16.284262739749455,9.51266379724927,2.5494805457507614,-2.5840661056061216,2.558375911822323,-2.62315555193415,5.104990269587787,-0.1325643585753521,1.7509685770031147,1.9843071321844439,191.87846909439577,8.397341225498538,7.421905090188121,7.421905090188121,5.570810086342822,5.083092018687614,5.083092018687614,5.5477404289098065,5.5477404289098065,4.075463203775917,4.075463203775917,4.284280510843632,4.284280510843632,-0.08,546.3021960249717,7.335725326991677,1.8781212738112547,0.8816946438273898,73.14036104602006,10.84019487200289,0.0,0.0,0.0,0.0,0.0,0.0,0.0,0.0,0.0,0.0,50.36074182987885,5.538925252383345,5.601050810983688,5.106527394840706,0.0,0.0,0.0,17.56947956948497,49.664905800923094,0.0,0.0,0.0,0.0,5.733667477162185,0.0,0.0,0.0,16.24650345820774,0.0,11.835812092322787,38.524929737556064,0.0,0.0,0.0,0.0,46.25,0.0,5.106527394840706,0.0,11.139976063367033,0.0,31.098276961100815,19.26246486877803,0.0,0.0,0.0,5.733667477162185,0.0,0.0,0.0,10.187708333333333,5.896504629629629,1.4745370370370368,0.0,6.607916666666667,0.0,0.0,1.0,12,3,2,4,0,4,0,0,0,2,2,2,0,4,0,4,4,1.0287999999999997,46.55020000000003,0,1,0,0,0,0,0,0,0,0,0,0,0,0,0,0,0,1,0,0,0,0,0,0,0,0,0,0,0,0,0,0,0,0,0,0,0,0,0,0,0,0,0,0,0,0,0,0,0,0,0,0,0,0,0,0,0,0,0,0,0,0,0,0,0,0,0,0,0,0,0,0,0,0,0,0,0,0,0,0,0,0,0,0,0
10.0753018707483,10.0753018707483,0.015648148148148078,-3.936681311413454,0.33463858717212125,11.363636363636363,182.201,172.12099999999998,182.0361278,66,0,0.26561069360429657,-0.3685683457117922,0.3685683457117922,0.26561069360429657,1.5454545454545454,2.090909090909091,2.4545454545454546,32.23973889272627,10.573826826661877,2.0231596849903326,-1.9777627607055306,1.7700383719033874,-2.3135323220362625,7.853166916291218,-0.11669835262721871,1.7762106053744897,3.3690222824837357,222.2465572937465,8.905777393935816,5.778877370104679,6.595373951032405,4.9165022194363885,2.8580421053697673,4.46720741289617,1.9291279687687237,3.501204830258706,0.836023383761466,1.5560550481617859,0.41273383104580497,0.8150251579274056,-0.6600000000000001,147.42548024608266,10.34,4.266273152100534,9.34,64.51398836172451,11.050456081168516,0.0,0.0,5.907179729351506,10.118126859033554,0.0,9.347287057762186,0.0,8.417796984328938,0.0,0.0,0.0,6.544756405912575,12.297610012659364,17.76508404209112,16.02530658838506,0.0,5.316788604006331,5.733667477162185,0.0,18.842366418571938,0.0,0.0,0.0,11.050456081168516,0.0,0.0,0.0,37.72009300594275,14.912664043105377,0.0,0.0,0.0,0.0,0.0,0.0,109.49,21.778160195131846,13.212334168400758,0.0,13.08951281182515,0.0,0.0,0.0,0.0,0.0,5.316788604006331,10.286417350852549,28.349525226757372,0.0,10.071580215419502,2.427662037037037,4.728897392290249,-0.9855205971277401,0.0,0.0,-0.07212962962962965,-3.936681311413454,0.75,11,4,6,0,0,0,0,0,0,4,3,7,5,0,0,0,0,-2.0508999999999986,38.47970000000001,0,0,0,0,0,0,0,0,0,0,1,1,0,0,0,0,1,1,0,0,0,0,0,0,0,0,0,1,0,0,0,0,0,0,0,0,0,0,0,0,0,0,0,0,0,0,0,0,0,0,0,0,0,0,0,0,0,0,0,0,0,0,0,0,0,0,0,0,0,0,0,1,0,0,0,0,0,0,0,0,0,0,0,1,0
10.777481654698917,10.777481654698917,0.16046296296296325,-0.575601851851852,0.605871107393287,9.466666666666667,210.189,200.10899999999998,210.0640568,80,0,0.2959486814543981,-0.4964990012034455,0.4964990012034455,0.2959486814543981,1.5333333333333334,2.2,2.6666666666666665,16.628692304349485,10.226672910712757,2.1503217556999363,-2.046054060152531,2.2815136960584694,-2.075129040923264,5.909767042946669,-0.3835327635907938,2.168155548546107,3.1450160555020403,403.0988596773161,11.422285251880869,8.312257564924288,8.312257564924288,7.040912557858759,4.143285622060402,4.143285622060402,2.8213755214985903,2.8213755214985903,1.712295798591618,1.712295798591618,1.0848287534970484,1.0848287534970484,-2.1100000000000003,1881.9590161380206,10.967579519006982,4.405720409270866,2.665002113924611,86.00413469834528,10.05365155780638,11.436898107967467,0.0,5.907179729351506,5.687386274683562,0.0,14.908855452837393,0.0,0.0,0.0,0.0,12.13273413692322,6.923737199690624,18.099475658556813,14.45471118668954,17.28195227871863,0.0,0.0,0.0,6.923737199690624,12.426586145283864,28.313419474150404,0.0,5.749511833283905,10.05365155780638,11.374772549367124,5.749511833283905,0.0,17.940288319446708,4.794537184071822,10.114318268765572,6.923737199690624,18.19910120538483,0.0,0.0,0.0,81.47,4.923311048817671,14.908855452837393,0.0,17.28195227871863,5.749511833283905,0.0,32.232635946352985,0.0,0.0,5.316788604006331,4.736862953800049,4.847831632653061,0.0,20.871979954018645,13.03998015873016,-0.029768518518517917,0.013026738473167487,4.22412037037037,0.0,1.285672477324263,1.4138238536155203,0.2222222222222222,15,1,6,0,0,0,1,0,1,4,1,6,3,0,0,0,1,1.5617999999999999,53.95210000000001,0,0,0,0,0,0,0,0,0,0,1,1,0,0,0,1,1,0,0,0,0,0,0,0,0,0,0,1,0,1,0,0,0,0,1,0,0,0,0,0,0,1,0,0,0,0,0,0,0,0,0,0,0,0,0,1,0,0,1,1,0,0,0,0,0,0,0,0,0,0,0,0,0,0,0,0,0,0,0,0,0,0,0,0,0
11.133753779289494,11.133753779289494,0.043473639455781976,-0.5189146352985636,0.41837014410838136,9.5,195.17399999999998,186.10199999999995,195.053157768,74,0,0.33761571035682564,-0.46239127848813066,0.46239127848813066,0.33761571035682564,1.4285714285714286,2.0,2.4285714285714284,16.628344445088505,10.18654903640353,2.086857576016796,-1.996389096123406,2.1184646857454372,-2.037440986234491,5.890861042749399,-0.38444079631370726,2.1814990322798553,2.8270220393427357,344.33451632505984,10.55204176387779,7.5967146153004625,7.5967146153004625,6.647065707741408,4.064152580711233,4.064152580711233,2.524453989884507,2.524453989884507,1.5892573984114666,1.5892573984114666,0.9336567028832201,0.9336567028832201,-1.9099999999999997,1369.9813922717492,10.17271298593879,4.361157693227305,2.287742160936547,80.45427251473724,4.736862953800049,0.0,0.0,0.0,5.687386274683562,5.969305287951849,10.114318268765572,4.794537184071822,0.0,0.0,0.0,19.056471336613843,12.13273413692322,17.093644505027584,14.45471118668954,11.656691562635412,0.0,0.0,0.0,6.923737199690624,6.606881964512918,39.94323803430901,0.0,0.0,0.0,5.687386274683562,0.0,0.0,17.499498301282436,4.736862953800049,10.114318268765572,17.28172587545944,24.26546827384644,0.0,0.0,0.0,69.44,10.892616336769521,14.908855452837393,0.0,12.29426823919648,5.563451491696996,0.0,24.26546827384644,6.923737199690624,0.0,0.0,4.736862953800049,4.7194779856387,0.0,20.91201215671454,10.297173012723608,0.27360969387755163,-0.4700018896447469,5.2825,0.0,1.9852290406903503,0.0,0.2222222222222222,14,0,5,0,0,0,1,0,1,4,0,5,3,0,0,0,1,1.7715,49.05290000000002,0,0,0,0,0,0,0,0,0,0,1,1,0,0,0,1,0,0,0,0,0,0,0,0,0,0,0,0,0,0,0,0,0,0,1,0,0,0,0,0,1,1,0,0,0,0,0,0,0,0,0,0,0,0,0,0,0,0,1,1,1,0,0,0,0,0,0,0,0,0,0,0,0,0,0,0,0,0,0,0,0,0,0,0,0
10.458909674981104,10.458909674981104,0.14657407407407352,-4.075138888888888,0.4787884431122125,11.363636363636363,173.193,166.13699999999997,173.014664084,60,0,0.29401305934407607,-0.39872771313977395,0.39872771313977395,0.29401305934407607,1.1818181818181819,1.6363636363636365,2.0,32.239782507566595,10.319223336787145,2.0641264381548394,-1.951370913547852,2.096754337849556,-1.9710489218413882,7.854203138779663,0.4829758532600814,1.8607638717481272,3.2015159310664942,340.5950744935719,8.483127663125442,5.558709812839677,6.375206393767403,4.999018565639891,2.830074004041052,4.270137332841692,2.044101933557007,3.465639134004354,1.177959044413068,2.04584326152662,0.6397968005060312,1.1198179101062447,-1.07,230.73472009676777,8.030704934541792,2.5192903206703843,1.9239700742334507,64.39992982655029,5.733667477162185,0.0,0.0,0.0,10.118126859033554,0.0,4.552749873690364,0.0,8.417796984328938,0.0,0.0,24.26546827384644,5.687386274683562,4.895483475517775,12.9705468580193,15.805513133717117,0.0,0.0,0.0,4.895483475517775,5.733667477162185,24.26546827384644,0.0,0.0,5.733667477162185,5.687386274683562,0.0,0.0,12.9705468580193,10.118126859033554,0.0,0.0,29.160951749364216,0.0,0.0,0.0,80.39,10.118126859033554,8.417796984328938,0.0,4.895483475517775,5.687386274683562,0.0,24.26546827384644,0.0,0.0,0.0,10.286417350852549,29.429098639455784,0.0,-0.14657407407407352,0.0,5.749419879062737,0.0,5.293194444444444,0.0,0.0,-4.075138888888888,0.0,11,3,4,0,0,0,1,0,1,3,2,5,1,0,0,0,1,0.5155000000000001,40.669000000000004,0,0,0,1,0,0,0,0,0,0,0,0,0,0,0,0,0,1,0,0,0,0,0,0,0,0,0,0,0,1,0,0,0,0,1,0,0,0,0,0,0,0,0,0,0,0,0,0,0,0,0,0,0,0,0,0,0,0,0,0,0,0,0,0,0,0,0,0,0,0,0,0,0,0,0,0,0,0,0,0,0,0,0,0,0
10.068703703703704,10.068703703703704,0.3703703703703707,-0.8553240740740742,0.6210414168332357,9.0,128.152,124.11999999999998,127.993200368,42,0,0.33603147832165825,-0.4776180389376339,0.4776180389376339,0.33603147832165825,1.75,2.5,2.75,32.13338625966527,10.356534728152685,1.980849220634655,-1.7842423987412084,2.036868139916065,-1.9033187983459683,7.0766995103698065,0.06972714045763305,2.1159680315697544,2.9283752374267684,178.3185566594942,5.983127663125442,3.9957609839965613,4.812257564924288,3.8045304526403108,2.0598190662959017,3.002628107877965,1.317177689510296,2.097211003857629,0.7681260837322589,1.4513603446575571,0.3861569976215299,1.015894011870619,-0.8300000000000001,93.1025933890692,5.309470013947001,1.961225714690048,0.8692020605459402,50.39246435654484,5.106527394840706,0.0,0.0,0.0,0.0,5.969305287951849,0.0,4.794537184071822,11.336785877934737,0.0,0.0,11.446429838927525,5.380062770465915,5.563451491696996,9.901064578912528,17.306091165886585,0.0,0.0,0.0,0.0,0.0,22.389944101090435,0.0,0.0,0.0,0.0,0.0,11.336785877934737,11.075832682792555,0.0,0.0,10.357988675768818,16.82649260939344,0.0,0.0,0.0,37.3,5.969305287951849,4.794537184071822,0.0,0.0,5.563451491696996,0.0,11.336785877934737,16.82649260939344,0.0,0.0,5.106527394840706,0.0,1.3870833333333332,10.068703703703704,11.619444444444444,0.3703703703703707,-0.8553240740740742,1.5763888888888888,0.0,0.0,0.0,0.0,8,1,2,0,0,0,0,1,1,2,1,3,1,0,0,0,1,1.4463,31.278299999999994,0,0,0,0,1,0,0,0,1,1,1,0,0,0,0,0,0,0,0,0,0,0,0,0,0,0,0,0,0,0,0,0,0,0,0,0,0,0,0,0,0,0,0,0,0,0,0,0,0,0,0,0,0,0,0,0,0,0,0,0,0,0,0,0,0,0,0,0,0,0,0,0,0,0,0,0,0,0,0,0,0,0,1,0,0
10.071296296296296,10.071296296296296,0.14236111111111094,-0.7700000000000002,0.676815537629155,9.333333333333334,142.179,136.13099999999997,142.008850432,48,0,0.30734537139865964,-0.4809858194507194,0.4809858194507194,0.30734537139865964,1.7777777777777777,2.5555555555555554,3.0,32.13338631428686,10.245806840995638,1.973866528314619,-1.8501179818263078,2.0516776450238834,-1.9709577080628162,7.0749690336054964,-0.13571772648357633,2.1520145580443932,2.5773912687680407,190.8325941002917,6.69023444431199,4.702867765183109,5.5193643461108355,4.287693700234704,2.516925847482449,3.4597348890645123,1.7021135194908534,2.4821468338381862,0.9354509441446436,1.6675007415388505,0.567856253210941,1.2364767769333427,-0.8300000000000001,144.18497538897435,6.292399020807833,2.6390497530187402,1.852927112248124,56.75740647094145,5.106527394840706,0.0,0.0,0.0,0.0,5.969305287951849,4.794537184071822,0.0,11.336785877934737,0.0,0.0,22.389944101090435,0.0,6.4208216229260096,9.901064578912528,17.306091165886585,0.0,0.0,0.0,6.4208216229260096,0.0,22.389944101090435,0.0,0.0,0.0,0.0,0.0,11.336785877934737,11.075832682792555,11.21535880699783,0.0,5.563451491696996,16.82649260939344,0.0,0.0,0.0,37.3,5.969305287951849,4.794537184071822,0.0,6.4208216229260096,0.0,5.563451491696996,11.336785877934737,0.0,16.82649260939344,0.0,5.106527394840706,0.0,1.5182407407407406,10.071296296296296,12.004583333333333,0.8819444444444446,-0.7700000000000002,1.8182407407407406,0.14236111111111094,0.0,0.0,0.16666666666666666,9,1,2,0,0,0,0,1,1,2,1,3,2,0,0,0,1,1.3752000000000002,35.65880000000001,1,0,0,0,0,0,0,0,1,1,1,0,0,0,0,0,0,0,0,0,0,0,0,0,0,0,0,0,0,0,0,0,0,0,0,0,0,0,0,0,0,0,0,0,0,0,0,0,0,0,0,0,0,0,0,0,0,0,0,0,0,0,0,0,0,0,0,0,0,0,0,0,0,0,0,0,0,0,0,0,0,0,1,0,0
10.097899659863945,10.097899659863945,0.23287037037037006,-0.7303703703703699,0.7236700585084802,9.6,156.206,148.14199999999997,156.024500496,54,0,0.3031782738399808,-0.48122193162043175,0.48122193162043175,0.3031782738399808,1.7,2.5,3.0,32.133386378560495,10.182545556141818,1.9710193784911825,-1.8935559314328778,2.0721936694884877,-1.9534754963238106,7.074865923960495,-0.13646788117004935,2.3379552625750493,2.3466964144291276,203.39050008541363,7.397341225498538,5.409974546369657,6.226471127297383,4.787693700234704,3.016925847482449,3.9597348890645123,2.0253368241942162,2.8053701385415497,1.2076416798455674,1.9396914772397742,0.6861727966696307,1.3893111172564572,-0.8300000000000001,259.5130341458305,7.279051254089422,3.366309336701694,2.18767668064718,63.12234858533806,5.106527394840706,0.0,0.0,0.0,0.0,5.969305287951849,4.794537184071822,0.0,11.336785877934737,0.0,0.0,28.810765724016445,6.4208216229260096,0.0,9.901064578912528,17.306091165886585,0.0,0.0,0.0,12.841643245852019,0.0,22.389944101090435,0.0,0.0,0.0,0.0,0.0,11.336785877934737,11.075832682792555,11.21535880699783,0.0,11.984273114623004,16.82649260939344,0.0,0.0,0.0,37.3,5.969305287951849,4.794537184071822,0.0,6.4208216229260096,6.4208216229260096,5.563451491696996,0.0,11.336785877934737,16.82649260939344,0.0,5.106527394840706,0.0,1.5983201058201058,10.097899659863945,12.24637282690854,1.1179629629629633,-0.7303703703703699,1.9519907407407406,0.8844907407407402,0.0,0.0,0.2857142857142857,10,1,2,0,0,0,0,1,1,2,1,3,3,0,0,0,1,1.7653,40.27580000000002,1,0,0,0,0,0,0,0,1,1,1,0,0,0,0,0,0,0,0,0,0,0,0,0,0,0,0,0,0,0,1,0,0,0,0,0,0,0,0,0,0,0,0,0,0,0,0,0,0,0,0,0,0,0,0,0,0,0,0,0,0,0,0,0,0,0,0,0,0,0,0,0,0,0,0,0,0,0,0,0,0,0,1,0,0
10.30977702191988,10.30977702191988,0.33371851851851897,-0.8783333333333336,0.771363830095823,9.3,248.019,242.97899999999998,247.9334274,52,0,0.3351794788833096,-0.47763924376707545,0.47763924376707545,0.3351794788833096,1.3,1.8,2.2,126.91270429151984,10.215213238956057,1.9841724227303323,-1.912907745652885,2.054129979928387,-1.9401806251179647,14.11191564966187,0.06966441332623162,1.8845053612018057,3.003400684579818,240.2879489264805,7.560477932315068,5.042827435731552,7.200325726907874,4.698377302757663,2.688080384532443,3.7668295301206043,1.8120455892392888,3.0576778084260954,1.0911722455341653,1.8103383425929396,0.5924655940031613,0.9520486425325485,-0.5800000000000001,180.91251467537336,7.52615711252654,3.005223044230256,1.6981221612425348,72.01393920717699,5.106527394840706,0.0,0.0,0.0,0.0,5.969305287951849,0.0,4.794537184071822,0.0,0.0,0.0,46.856338900914494,3.5701822710653963,5.563451491696996,9.901064578912528,28.560175915019904,0.0,0.0,0.0,0.0,0.0,33.39910203660883,0.0,0.0,0.0,0.0,0.0,22.590870627068057,11.075832682792555,0.0,3.5701822710653963,10.357988675768818,24.26546827384644,0.0,0.0,0.0,37.3,5.969305287951849,4.794537184071822,0.0,0.0,5.563451491696996,3.5701822710653963,0.0,24.26546827384644,0.0,22.590870627068057,5.106527394840706,1.0440740740740744,2.1269504157218444,10.30977702191988,8.473257747543462,0.33371851851851897,-0.8783333333333336,6.710555555555555,0.0,0.0,0.0,0.0,10,1,2,0,0,0,1,0,1,1,1,3,1,0,0,0,1,1.9893999999999998,46.11830000000001,0,0,0,0,1,0,0,0,1,1,1,0,0,0,0,0,0,0,0,0,0,0,0,0,0,0,0,0,0,0,0,0,0,0,1,0,0,0,0,0,0,0,0,0,1,0,0,0,0,0,0,0,0,0,0,0,0,0,0,0,0,0,0,0,0,0,0,0,0,0,0,0,0,0,0,0,0,0,0,0,0,0,0,0,0
12.786774074074074,12.786774074074074,0.9142592592592595,-2.0609259259259263,0.37369552637506803,10.357142857142858,319.97900000000004,318.971,319.89574015200003,76,0,0.3414392294676051,-0.4774834796612615,0.4774834796612615,0.3414392294676051,1.0,1.3571428571428572,1.6428571428571428,126.91270433233164,10.158387597008943,2.2732928873367197,-2.038665925588843,2.245618162996627,-2.1090893642526916,14.111917005439919,0.06830149411027514,2.112066060343762,3.682463305848331,389.6362012404349,11.041451884327381,6.245284251009956,8.402782542186278,6.374785217660713,3.1226421255049783,4.201391271093139,2.2500637469315503,3.3288128925197116,1.423669323861939,2.3707727489774024,0.7926682121579183,1.2662199247156507,-0.8599999999999999,971.5503877581306,11.216103500761037,3.7142414814274263,1.5550394607724678,88.67608081888193,5.106527394840706,5.563451491696996,23.26888336418358,0.0,0.0,5.969305287951849,0.0,22.3561973747711,0.0,0.0,0.0,22.590870627068057,0.0,3.5701822710653963,27.46272476961181,28.560175915019904,0.0,0.0,0.0,0.0,0.0,32.402517126945966,0.0,0.0,0.0,17.56166019069928,0.0,22.590870627068057,11.075832682792555,0.0,26.83906563524898,10.357988675768818,0.0,0.0,0.0,0.0,37.3,38.37182241489782,22.3561973747711,0.0,0.0,0.0,22.590870627068057,0.0,0.0,0.0,0.0,5.106527394840706,50.139103703703704,1.037291156462585,10.242554799697658,8.270479969765685,-1.6246148148148152,-9.27814814814815,0.0,0.0,0.0,0.0,0.0,14,1,2,0,0,0,1,0,1,1,1,7,1,0,0,0,1,2.5458,45.95029999999999,0,0,0,0,1,0,0,0,1,1,1,0,0,0,0,0,0,0,0,0,0,0,0,0,0,0,0,0,0,0,0,0,0,0,1,0,0,0,0,0,0,0,0,0,5,0,0,0,0,0,0,0,0,0,0,0,0,0,0,0,0,0,0,0,0,0,0,0,0,0,0,0,0,0,0,0,0,0,0,0,0,0,0,0,0
9.0,9.0,0.8333333333333333,-0.8333333333333333,0.3705073514035382,6.0,60.056,56.024,60.032362748,24,0,0.309056401422831,-0.3518462395056391,0.3518462395056391,0.309056401422831,1.5,1.5,1.5,16.155051295924707,11.1958981089376,1.6032291273824042,-1.6239881174885158,1.2532653728312286,-2.182471059085193,5.685858584824812,0.25619011117425106,0.8112781244591328,2.8030394876740514,29.019550008653873,3.5773502691896257,2.0629488288431146,2.0629488288431146,1.7320508075688772,0.7814744144215574,0.7814744144215574,0.40236892706218264,0.40236892706218264,0.0,0.0,0.0,0.0,-0.73,3.2451124978365313,3.2700000000000005,0.7105286343612336,0.17373428410583605,23.580554521898744,11.46733495432437,0.0,0.0,0.0,0.0,6.031114512338072,0.0,4.794537184071822,0.0,0.0,0.0,0.0,0.0,0.0,4.794537184071822,6.031114512338072,0.0,0.0,11.46733495432437,0.0,0.0,0.0,0.0,0.0,11.46733495432437,4.794537184071822,0.0,0.0,6.031114512338072,0.0,0.0,0.0,0.0,0.0,0.0,0.0,69.11,6.031114512338072,0.0,0.0,0.0,0.0,0.0,0.0,0.0,0.0,11.46733495432437,4.794537184071822,0.0,0.0,9.0,0.0,8.5,0.0,-0.8333333333333333,0.0,0.0,0.0,0.0,4,4,3,0,0,0,0,0,0,1,2,3,0,0,0,0,0,-0.9762000000000002,13.7708,0,0,0,0,0,0,0,0,0,0,1,1,0,0,0,0,0,2,0,0,0,0,0,0,0,0,0,2,0,0,0,0,0,0,0,0,0,0,0,0,0,0,0,0,0,0,0,0,0,0,0,0,0,0,0,0,0,0,0,0,0,0,0,0,0,0,0,0,0,0,0,2,0,0,0,0,0,0,0,0,0,0,0,0,1
10.121527777777779,10.121527777777779,0.1481481481481477,-0.14814814814814792,0.41294465217263265,20.0,99.089,94.04899999999999,99.0320284,38,0,0.22656208541281073,-0.29643861202401345,0.29643861202401345,0.22656208541281073,1.1428571428571428,1.5714285714285714,1.7142857142857142,16.172510429102548,10.368390546042287,2.151875882696795,-1.7917625415383602,1.9536319052665285,-2.1818374499281434,6.012362875561902,-0.12429315449193543,1.8668193111659015,2.5537050272065858,104.8582023226588,5.276020881938894,3.730710143300821,3.730710143300821,3.287693700234704,2.11535507165041,2.11535507165041,1.4713526704200182,1.4713526704200182,0.8579629131445341,0.8579629131445341,0.5075641895980023,0.5075641895980023,-0.8600000000000001,46.670482779147534,4.3028664495114,1.3295815851589803,0.7648453054349857,40.70115260118572,0.0,0.0,0.0,11.814359458703011,0.0,0.0,14.905862972149976,0.0,0.0,0.0,0.0,0.0,12.841643245852019,0.0,9.589074368143644,11.814359458703011,0.0,5.316788604006331,0.0,12.841643245852019,0.0,0.0,0.0,0.0,5.316788604006331,0.0,0.0,0.0,11.814359458703011,9.589074368143644,0.0,12.841643245852019,0.0,0.0,0.0,0.0,46.17,0.0,9.589074368143644,0.0,11.814359458703011,12.841643245852019,0.0,0.0,0.0,0.0,5.316788604006331,0.0,0.0,0.0,20.243055555555557,2.138888888888889,0.0,-0.2962962962962956,0.0,0.7476851851851851,0.0,0.0,0.5,7,1,3,0,1,1,0,0,0,2,1,3,0,0,1,1,1,-0.577,22.383699999999994,0,0,0,0,0,0,0,0,0,0,2,2,0,0,0,0,1,0,0,0,0,0,0,0,0,0,0,2,0,0,0,0,0,0,0,0,0,0,0,0,0,0,0,0,0,0,0,0,1,0,0,0,0,0,0,0,0,0,0,0,0,0,0,0,0,0,0,0,0,0,0,0,0,0,0,0,0,0,0,0,0,0,0,0,0
8.63085049760645,8.63085049760645,0.0018660241874530747,0.0018660241874530747,0.5975005335064915,7.75,204.19199999999998,200.15999999999997,204.043596128,72,0,0.13637802758074666,-0.19162082666605199,0.19162082666605199,0.13637802758074666,0.625,0.875,1.0625,14.290141100672875,10.124614990357504,1.9542970413107492,-1.8757779622292354,1.8783096376890003,-2.107448234231918,5.736887688695212,1.4593355166491022,2.3391347548685744,3.58092195306159,581.3417100187952,11.966255326250886,8.098255458758336,8.098255458758336,7.761080115123763,4.215794396045835,4.215794396045835,2.774563864689584,2.774563864689584,1.9094640441493353,1.9094640441493353,1.1117600905881477,1.1117600905881477,-3.0799999999999996,4341.4341050360745,10.997399380804952,4.965017856244655,2.045581352850342,91.81216846738296,0.0,35.42309431130763,0.0,0.0,0.0,0.0,0.0,0.0,21.047566218953946,0.0,24.26546827384644,0.0,10.437299951209736,0.0,0.0,11.146209060138535,21.047566218953946,0.0,0.0,0.0,0.0,34.702768225056175,0.0,24.276885251169094,10.437299951209736,0.0,0.0,0.0,0.0,0.0,45.32445147012304,0.0,24.26546827384644,0.0,11.146209060138535,0.0,95.16,0.0,0.0,0.0,11.146209060138535,10.437299951209736,0.0,24.26546827384644,24.276885251169094,0.0,0.0,21.047566218953946,0.0,0.0,0.0,35.47521604938272,0.0037320483749065936,0.0,13.187718568909045,0.0,0.0,0.0,0.0,16,0,4,0,0,0,1,0,1,4,0,4,0,0,0,0,1,0.08232000000000017,54.96000000000001,0,0,0,0,0,0,0,0,0,0,0,0,0,0,0,4,0,0,0,0,0,0,0,0,0,0,0,0,0,0,0,0,0,0,1,0,0,0,0,0,0,0,0,0,0,0,0,0,0,0,0,0,0,0,0,0,0,4,0,0,0,0,0,0,0,0,0,0,0,0,0,0,0,0,0,0,0,0,0,0,0,0,0,0,0
13.565336356764927,13.565336356764927,0.5032596371882081,-1.0486111111111114,0.6536196270889179,8.333333333333334,240.17199999999997,238.15599999999998,240.024752504,84,0,0.13942033266226023,-0.2062433882889391,0.2062433882889391,0.13942033266226023,0.7222222222222222,1.0,1.2222222222222223,19.143987015293956,10.104862449293709,2.0787948254336275,-1.9482613616051179,1.9650812942718394,-2.2092354494537165,5.740420600664278,0.5847253345808328,2.3703287507755166,3.9610530371942265,693.425444841097,13.706742302257043,8.699483866397538,8.699483866397538,8.582447320169681,4.427092202388395,4.427092202388395,3.0091142606198162,3.0091142606198162,2.042614674439363,2.042614674439363,1.2209055318854605,1.2209055318854605,-3.2199999999999998,9139.987662990392,12.847658998646821,5.212185200658441,2.141114317187106,100.14323927323544,0.0,47.05753599339942,0.0,0.0,0.0,0.0,0.0,8.78083009534964,21.047566218953946,0.0,0.0,12.13273413692322,10.437299951209736,0.0,8.78083009534964,11.146209060138535,21.047566218953946,0.0,0.0,0.0,0.0,34.20447577022475,0.0,24.276885251169094,10.437299951209736,8.78083009534964,0.0,0.0,0.0,0.0,56.95889315221483,0.0,12.13273413692322,0.0,11.146209060138535,0.0,95.16,33.21795069344006,8.78083009534964,0.0,0.0,12.13273413692322,0.0,24.276885251169094,0.0,0.0,0.0,21.047566218953946,27.130672713529854,0.0,0.0,33.221765558075084,-1.1788605442176863,-2.0972222222222223,6.923644494834971,0.0,0.0,0.0,0.0,18,0,4,0,0,0,1,0,1,4,0,6,0,0,0,0,1,0.36052000000000006,54.876,0,0,0,0,0,0,0,0,0,0,0,0,0,0,0,4,0,0,0,0,0,0,0,0,0,0,0,0,0,0,0,0,0,0,1,0,0,0,0,0,0,0,0,0,2,0,0,0,0,0,0,0,0,0,0,0,0,4,0,0,0,0,0,0,0,0,0,0,0,0,0,0,0,0,0,0,0,0,0,0,0,0,0,0,0
13.6232067271353,13.6232067271353,1.0861889014865205,-2.0277777777777777,0.5127876406953462,8.8,276.152,276.152,276.00590888,96,0,0.17148610219991323,-0.20287598604677018,0.20287598604677018,0.17148610219991323,0.55,0.75,0.9,19.164857099644745,10.084522676595448,2.2205585861618635,-2.0081616841768177,2.058559178419839,-2.306207575256747,5.74419156013202,0.4343653579939516,2.455770172969255,4.348022620210271,746.3215172045361,15.4472292782632,9.30071227403674,9.30071227403674,9.437488030026813,4.65035613701837,4.65035613701837,3.203142541518412,3.203142541518412,2.21058887644237,2.21058887644237,1.3442766747257988,1.3442766747257988,-3.36,21414.315908291905,14.700096153846156,5.521251054140666,2.0288918022158233,108.47431007908791,0.0,35.42309431130763,23.26888336418358,0.0,0.0,0.0,0.0,17.56166019069928,21.047566218953946,0.0,0.0,0.0,0.0,10.437299951209736,17.56166019069928,11.146209060138535,21.047566218953946,0.0,0.0,0.0,0.0,33.70618331539332,0.0,24.276885251169094,10.437299951209736,17.56166019069928,0.0,0.0,0.0,0.0,68.59333483430662,0.0,0.0,0.0,11.146209060138535,0.0,95.16,44.85239237553185,17.56166019069928,0.0,0.0,0.0,24.276885251169094,0.0,0.0,0.0,0.0,21.047566218953946,54.49282690854119,0.0,0.0,30.968315066767445,-2.36145313681028,-8.11111111111111,4.344755605946082,0.0,0.0,0.0,0.0,20,0,4,0,0,0,1,0,1,4,0,8,0,0,0,0,1,0.6387200000000002,54.79199999999999,0,0,0,0,0,0,0,0,0,0,0,0,0,0,0,4,0,0,0,0,0,0,0,0,0,0,0,0,0,0,0,0,0,0,1,0,0,0,0,0,0,0,0,0,4,0,0,0,0,0,0,0,0,0,0,0,0,4,0,0,0,0,0,0,0,0,0,0,0,0,0,0,0,0,0,0,0,0,0,0,0,0,0,0,0
14.322512282690854,14.322512282690854,0.910680272108843,-1.5170833333333336,0.6625936482542562,8.181818181818182,290.192,290.192,290.01525044,100,0,0.15197759931875682,-0.2047249472339775,0.2047249472339775,0.15197759931875682,0.5909090909090909,0.8636363636363636,1.0454545454545454,19.144054746517703,9.989133924167627,2.2173681287935807,-2.0262414121553562,2.0721193771141437,-2.2977269440592503,5.772726132644796,0.5777278775634043,2.5335217759360713,4.603058228387897,936.7467756709744,16.861442840636293,10.439210519018204,10.439210519018204,10.513497634948385,5.219605259509102,5.219605259509102,3.5487848662591643,3.5487848662591643,2.548784866259164,2.548784866259164,1.6420429635558087,1.6420429635558087,-4.239999999999999,61128.81340978553,15.81630630630631,6.273280737625864,2.1718817532964394,121.65828286496608,0.0,58.688439920286164,11.63444168209179,0.0,0.0,0.0,0.0,8.78083009534964,31.57134932843092,0.0,0.0,0.0,0.0,10.437299951209736,8.78083009534964,11.146209060138535,31.57134932843092,0.0,0.0,0.0,0.0,33.19864461669552,0.0,36.41532787675364,10.437299951209736,8.78083009534964,0.0,0.0,0.0,0.0,79.62111888727635,11.126902983393991,0.0,0.0,11.146209060138535,0.0,142.73999999999998,44.34485367683405,8.78083009534964,0.0,0.0,0.0,0.0,36.41532787675364,0.0,0.0,0.0,31.57134932843092,28.645024565381703,0.0,0.0,50.91392164273116,-3.8906198034769455,-3.0341666666666667,7.699173595364072,0.0,0.0,0.0,0.0,22,0,6,0,0,0,1,0,1,6,0,8,0,0,0,0,1,0.10388000000000011,64.30599999999998,0,0,0,0,0,0,0,0,0,0,0,0,0,0,0,6,0,0,0,0,0,0,0,0,0,0,0,0,0,0,0,0,0,0,1,0,0,0,0,0,0,0,0,0,2,0,0,0,0,0,0,0,0,0,0,0,0,6,0,0,0,0,0,0,0,0,0,0,0,0,0,0,0,0,0,0,0,0,0,0,0,0,0,0,0
12.269052921575124,12.269052921575124,0.24634106213651652,-0.9583324138357965,0.1770419565525352,10.72340425531915,608.7410000000002,576.4850000000002,608.246378264,226,0,0.3352230877124636,-0.4776387329268312,0.4776387329268312,0.3352230877124636,0.3404255319148936,0.6170212765957447,0.8936170212765957,16.365600596790628,9.953281052402444,2.1534366014818973,-2.2541002553500813,2.3782456829677705,-2.090994017284993,5.923440223610182,0.06966688309339501,3.1399018697480297,1.2325199707199612,1856.8700138076636,32.00321398543772,25.647747421842144,25.647747421842144,23.136162928584238,15.53689135723434,15.53689135723434,11.210955747766175,11.210955747766175,8.155207105427168,8.155207105427168,5.892990609028164,5.892990609028164,-6.389999999999997,89802198243.39197,29.328136466411085,13.308391808987196,6.393917359320396,274.61433366292425,14.906346856541662,0.0,0.0,0.0,0.0,5.969305287951849,0.0,4.794537184071822,0.0,0.0,97.06187309538579,113.24931199371218,34.124317648101375,5.563451491696996,9.901064578912528,40.09362293605322,0.0,0.0,0.0,0.0,9.799819461700956,193.6208306140069,0.0,22.253805966787983,9.799819461700956,34.124317648101375,0.0,0.0,11.075832682792555,0.0,0.0,10.357988675768818,188.0573791223099,0.0,22.253805966787983,0.0,43.78,5.969305287951849,9.901064578912528,0.0,5.563451491696996,0.0,56.378123614889354,0.0,12.13273413692322,72.79640482153933,112.92805962554837,0.0,0.0,0.0,16.682964696161502,10.052203395655498,10.072011266001262,-0.9583324138357965,63.15115305601755,0.0,0.0,0.0,0.0,47,1,4,0,0,0,7,0,7,3,1,4,9,0,0,0,7,11.658399999999983,193.6392999999995,0,0,0,0,1,0,0,0,1,1,1,0,0,0,0,2,0,0,0,0,0,0,0,0,0,0,0,0,0,6,0,0,0,0,7,0,0,0,0,0,0,0,0,0,0,0,0,0,0,0,0,0,0,0,0,0,0,0,0,0,0,0,0,0,4,0,0,0,0,0,0,0,0,0,0,0,0,0,0,0,0,0,0,0,0
10.495096371882086,10.495096371882086,0.17277777777777792,-3.8876080246913585,0.6619884625787887,11.454545454545455,172.12,163.04799999999997,172.028930778,60,0,0.32941054054723506,-0.32419095639390433,0.32941054054723506,0.32419095639390433,1.1818181818181819,1.7272727272727273,2.1818181818181817,31.190889195982688,10.239862015413856,2.1204201298647467,-2.0144386083188293,2.381509745076574,-1.84441397822761,7.504110593635304,0.37150283733713096,1.8549845694438387,2.736661467071344,264.2739921170089,8.319990956308914,5.843747204098414,6.738174395098331,5.0782982619848624,3.1630389449681267,4.960642848671913,2.3083966352956446,3.9539927865799553,1.231369926586644,2.0084604556049546,0.8212547419501749,1.5077430834991432,-0.63,244.8579631665867,8.46643201542912,3.178900763159156,3.326098966846145,64.84775315463345,9.78682320550495,0.0,0.0,0.0,0.0,7.595762326787885,4.565048284931329,0.0,0.0,0.0,30.33183534230805,5.563451491696996,0.0,6.161910027467921,14.351871490436281,7.595762326787885,0.0,0.0,0.0,6.161910027467921,0.0,35.89528683400505,0.0,0.0,0.0,0.0,0.0,7.595762326787885,9.78682320550495,10.726958312399251,0.0,5.563451491696996,30.33183534230805,0.0,0.0,0.0,57.53,7.595762326787885,4.565048284931329,0.0,6.161910027467921,5.563451491696996,0.0,0.0,24.26546827384644,6.06636706846161,0.0,9.78682320550495,10.495096371882086,0.0,17.164376417233562,0.0,0.6674382716049385,0.0,8.705696963970773,-0.17277777777777792,0.0,-3.8876080246913585,0.14285714285714285,11,2,3,0,0,0,1,0,1,1,2,4,2,0,0,0,1,1.3642999999999998,42.19010000000002,0,0,0,0,0,0,0,0,0,0,0,0,0,0,0,0,0,0,0,0,0,0,0,0,0,0,0,0,0,0,0,0,0,0,1,0,0,0,0,0,0,0,0,0,0,0,0,0,0,0,0,0,0,0,0,0,0,0,0,0,0,0,0,0,0,0,0,0,0,0,0,0,0,0,0,0,0,0,0,0,0,0,0,0,0
5.467037037037037,5.467037037037037,0.4085648148148153,0.4085648148148153,0.5296759293780585,10.4,135.13,130.09,135.05449516,50,0,0.162274823351639,-0.3817312756696799,0.3817312756696799,0.162274823351639,1.3,2.2,3.0,15.021487717837115,10.504287595540557,1.9884191760902972,-1.8834759864247625,2.085580947125495,-1.912359028485203,5.796880483226038,1.2065067040486142,2.3571021521226503,2.950090305322589,351.5657969317911,6.974691494688164,5.073691594068752,5.073691594068752,4.877010097711744,2.772767331681046,2.772767331681046,1.8586594071755886,1.8586594071755886,1.2454958206289215,1.2454958206289215,0.7832699380516649,0.7832699380516649,-1.6500000000000004,372.42214003537873,5.159860161857645,1.6629234524260401,0.5397705083562873,56.32106271209872,10.717645998109393,11.844020792380803,11.465039998602755,0.0,0.0,0.0,0.0,14.951935562841626,0.0,0.0,0.0,0.0,0.0,6.3273200747645415,0.0,16.981740716219015,0.0,19.935914083788834,0.0,0.0,5.733667477162185,12.654640149529083,0.0,0.0,5.733667477162185,5.817862777835028,0.0,0.0,19.935914083788834,0.0,0.0,0.0,12.654640149529083,0.0,11.16387793838399,0.0,80.48,0.0,0.0,0.0,0.0,16.981740716219015,0.0,12.654640149529083,0.0,0.0,19.935914083788834,5.733667477162185,0.0,0.0,14.387407407407409,0.0,6.767962962962963,0.4085648148148153,0.0,2.9360648148148147,0.0,0.0,0.0,10,3,5,0,0,0,0,2,2,4,2,5,0,0,0,0,2,-0.0648999999999999,36.0961,0,0,0,1,0,4,1,0,0,0,0,0,0,0,0,3,1,1,0,0,0,1,0,0,0,0,0,0,0,1,0,0,0,0,0,0,1,0,0,0,0,0,0,0,0,0,0,1,0,0,0,0,0,0,0,0,0,0,0,0,0,0,0,0,0,0,0,0,0,0,0,0,0,0,0,0,0,0,0,0,0,0,0,0,0
10.361126936885865,10.361126936885865,0.5001620370370372,-2.481523211136306,0.4661381793809858,11.357142857142858,222.31699999999998,204.17299999999997,222.103583586,84,0,0.4997064636495455,-0.3768247354136395,0.4997064636495455,0.3768247354136395,1.2857142857142858,1.7857142857142858,2.142857142857143,28.39069375382308,10.474949064820592,2.3622422811675534,-2.235769632632952,2.1349627140072442,-2.43076629505999,6.600549274979261,0.12271781621631879,2.190612407658332,3.765795646166061,166.8080674587691,11.02709773749546,8.83166377460472,9.83166377460472,6.598482734775853,4.287023368100676,6.218875020678813,2.689965993589055,5.780736268765083,1.8919831665980593,4.723934396671566,1.07266908404733,2.794830916931981,-0.6331168831168832,981.3943586309329,13.366883116883116,6.766615025167501,4.560430446554066,85.07178721549623,24.328471159526266,0.0,0.0,0.0,0.0,14.835549669370451,0.0,4.794537184071822,0.0,0.0,0.0,6.4208216229260096,33.91824480666165,0.0,18.072552262429575,14.835549669370451,0.0,5.316788604006331,5.733667477162185,12.46491739984248,27.874149029745176,0.0,0.0,0.0,11.050456081168516,4.794537184071822,0.0,0.0,42.70969869911562,13.278015078357752,0.0,6.4208216229260096,0.0,6.044095776916472,0.0,0.0,82.81,14.835549669370451,4.794537184071822,0.0,0.0,19.009673805755057,0.0,0.0,21.3293926238326,0.0,5.316788604006331,19.011682555519936,15.58141156462585,0.0,10.361126936885865,2.484778911564626,4.907333002645503,0.0,0.1259881267321744,0.7129783950617284,0.5001620370370372,2.187332136558328,0.8571428571428571,14,3,6,0,0,0,0,0,0,4,2,7,7,0,0,0,0,-0.0770999999999995,53.79110000000002,0,0,0,0,0,0,0,0,0,0,1,1,0,0,0,0,1,1,0,0,0,0,0,0,0,0,0,2,0,0,0,0,0,0,0,0,0,0,0,0,0,0,0,0,0,0,0,0,0,0,0,0,0,0,0,0,0,0,0,0,0,0,0,0,0,0,0,0,0,0,0,1,0,0,0,0,0,0,0,0,0,0,0,1,1
12.382561728395062,12.382561728395062,0.6785802469135804,-2.92503086419753,0.7323938390310036,11.266666666666667,236.63800000000003,226.55799999999996,236.01577924999998,76,0,0.2252316466699524,-0.2964526775377501,0.2964526775377501,0.2252316466699524,0.7333333333333333,1.0666666666666667,1.4,35.67106845713422,10.361781401915621,2.22516977567555,-2.098894776240496,2.4783715770764037,-2.1051501981483454,8.00146536917103,0.5948496608077275,2.3131251043011627,2.4952431775263104,437.99001042039936,10.72576835024473,8.006929050869308,9.657285187887679,7.210343431045078,4.620185837326637,7.232008207562288,3.2035133094635584,6.729363292911803,2.1765846153786783,5.272344326946385,1.388533963394058,3.474014063214045,-1.04,3515.9501585377675,10.476886385083931,4.219731367635919,2.141836592732172,93.87366811265012,0.0,0.0,0.0,6.494584357584768,0.0,0.0,4.565048284931329,0.0,0.0,0.0,60.6636706846161,11.240823153447353,10.609079792477814,0.0,4.565048284931329,28.344487303509936,0.0,0.0,0.0,0.0,0.0,60.6636706846161,0.0,0.0,10.609079792477814,0.0,0.0,17.735407511032122,0.0,4.565048284931329,0.0,0.0,60.6636706846161,0.0,0.0,0.0,17.07,6.494584357584768,4.565048284931329,0.0,0.0,10.609079792477814,0.0,0.0,24.26546827384644,36.39820241076966,0.0,11.240823153447353,12.382561728395062,6.14256172839506,0.0,1.3571604938271609,0.0,0.0,18.292746913580245,0.0,-2.92503086419753,0.0,0.0,15,0,1,0,0,0,2,0,2,1,0,3,2,0,0,0,2,3.154300000000001,65.61150000000002,0,0,0,0,0,0,0,0,0,0,0,0,0,0,0,0,0,0,0,0,0,0,0,0,0,0,0,0,0,0,0,0,0,0,2,0,0,0,0,0,0,0,0,0,1,0,0,0,0,0,0,0,0,0,0,0,0,0,0,0,0,0,0,0,0,0,0,0,0,0,0,0,0,0,0,0,0,0,0,0,0,0,0,0,0
10.564622858402622,10.564622858402622,0.1534259259259254,-1.255704837490552,0.8245454335901771,9.857142857142858,235.022,230.98999999999998,233.948663968,74,0,0.3367617368040116,-0.4776001669094849,0.4776001669094849,0.3367617368040116,0.9285714285714286,1.2142857142857142,1.4285714285714286,35.496787140238794,10.12716957420339,2.1562882067885467,-2.0234819448558437,2.2479052866867035,-2.0238684732345864,6.370215185520975,0.06811609292287035,2.0700733051710904,3.381280379742974,374.2974606991651,10.878315177510851,6.621553256325349,8.133411148362258,6.430428110326541,3.3881268973523,4.144055843370754,2.4222057939368242,3.2366060474180363,1.517541990906886,2.142960007883484,0.8746205605880583,1.3636144963959442,-1.2599999999999998,987.4249665666101,10.818492935635792,3.856004095816594,1.9703404552553472,88.67933150653309,10.213054789681411,0.0,0.0,0.0,0.0,11.938610575903699,0.0,9.589074368143644,0.0,0.0,23.20187978046503,12.13273413692322,0.0,21.172169610876644,19.802129157825057,35.14049035636873,0.0,0.0,0.0,0.0,0.0,33.30490374779986,0.0,0.0,0.0,0.0,0.0,23.20187978046503,22.15166536558511,0.0,0.0,20.715977351537635,12.13273413692322,10.045266627482652,0.0,0.0,74.6,11.938610575903699,9.589074368143644,0.0,21.172169610876644,0.0,12.13273413692322,0.0,0.0,0.0,0.0,33.41493457014644,0.0,11.075246913580244,21.129245716805244,16.951299760644996,-0.4413580246913571,-2.5114096749811035,2.019197530864197,0.0,0.0,0.0,0.0,14,2,4,0,0,0,1,0,1,2,2,6,2,0,0,0,1,2.3898,50.3806,0,0,0,0,2,0,0,0,2,2,2,0,0,0,0,0,0,0,0,0,0,0,0,0,0,0,0,0,0,0,0,0,0,0,1,0,0,0,0,0,0,0,0,0,2,0,0,0,0,0,0,0,0,0,0,0,0,0,0,0,0,0,0,0,0,0,0,0,0,0,0,0,0,0,0,0,0,0,0,0,0,0,0,0,0
11.612175925925927,11.612175925925927,0.21592592592592608,-3.4796064814814818,0.7345611530312207,11.214285714285714,214.15700000000004,203.06899999999996,214.039495462,76,0,0.30341318200235673,-0.48121853910058726,0.48121853910058726,0.30341318200235673,1.2857142857142858,1.8571428571428572,2.357142857142857,31.17755889091686,10.36972919407248,2.2103143762292867,-2.0903906175395544,2.38954491993693,-2.0892022444158656,7.6560395842134685,-0.13607546059851258,2.164751866983323,2.759325797670845,360.3345205930412,10.604448006685086,7.459102275748826,8.353529466748741,6.521673934958928,4.114376685700017,5.959194184903759,2.904465935039729,5.271220180293228,1.7884064573523473,3.7232436257111856,1.0372163254493576,2.4277933609726015,-1.12,1203.6020380427274,10.957639751552795,4.398850502229629,2.979468543521976,81.6524892253432,9.99993899759318,0.0,0.0,7.368827530443599,0.0,5.969305287951849,9.35958546900315,0.0,0.0,0.0,18.19910120538483,12.13273413692322,11.46644992370683,6.4208216229260096,19.359524466596334,18.642672714634354,0.0,0.0,0.0,6.4208216229260096,6.161910027467921,30.33183534230805,0.0,0.0,5.304539896238907,0.0,0.0,7.368827530443599,22.131154313012953,9.35958546900315,0.0,6.4208216229260096,30.33183534230805,0.0,0.0,0.0,74.6,13.338132818395447,14.252997071755626,0.0,12.582731650393931,5.304539896238907,0.0,12.13273413692322,18.19910120538483,0.0,0.0,5.106527394840706,11.612175925925927,0.0,19.7719674351222,8.698203577727389,0.0,-1.0599943310657587,8.10108449861426,-0.504941735953641,0.0,-3.4796064814814818,0.2222222222222222,14,2,4,0,0,0,1,0,1,2,2,5,4,0,0,0,1,1.057,53.021100000000025,1,0,0,0,0,0,0,0,1,1,1,0,0,0,0,0,0,0,0,0,0,0,0,0,0,0,0,0,0,0,0,0,0,0,1,0,0,0,0,0,0,0,0,0,0,0,0,0,0,0,0,0,0,0,0,0,0,0,0,0,0,0,0,0,0,0,0,0,0,0,0,0,0,0,0,0,0,0,0,0,0,0,0,0,0
11.50371351935836,11.50371351935836,0.025618543713781916,-1.2196791890624559,0.26343729334807475,13.1,307.32800000000003,290.192,307.083806264,114,0,0.32247070702770475,-0.48008628646213053,0.48008628646213053,0.32247070702770475,1.2,1.8,2.25,32.11686749179607,10.136073629183338,2.204003733933702,-2.1571580021462213,1.968316840421357,-2.4879733108937048,7.798557956759778,-0.13862919400528448,2.3846224244781977,4.208861414299984,389.18921854622977,15.706742302257043,10.535111880670396,11.42953907167031,9.272963365427639,5.656453432269843,6.288908964303519,3.8976225249092913,4.262770896579402,2.247728644699627,2.6128770163697372,1.1565999836685754,1.4137097687536238,-1.81,13668.65573710903,18.19,9.15071374245247,7.586610574291715,119.85296768959668,26.580299474856254,18.628438064208495,0.0,11.814359458703011,0.0,11.938610575903699,19.178148736287287,0.0,12.628789148012991,0.0,0.0,6.4208216229260096,12.1736752296728,0.0,29.3912035259687,36.381759182619696,0.0,10.633577208012662,5.733667477162185,24.925324904147942,12.297610012659364,0.0,0.0,0.0,16.367244685174846,0.0,0.0,12.628789148012991,58.3473164952434,19.178148736287287,0.0,12.841643245852019,0.0,0.0,0.0,0.0,158.82,42.38140809881521,19.178148736287287,0.0,18.59449685259881,0.0,0.0,0.0,0.0,0.0,23.26236635602565,15.946722266843596,0.0,3.873779569440945,43.742118217393504,21.366246758162585,5.2297081730143,-3.7040656850520355,-2.150671899065208,-0.23496223335013044,-0.566597344988399,0.0,0.6,20,6,9,0,0,0,0,0,0,6,6,10,9,0,0,0,0,-2.2060999999999984,71.27440000000003,2,0,0,0,0,0,0,0,2,2,4,2,0,0,0,0,2,1,0,0,0,0,1,0,0,0,0,2,0,0,0,0,0,0,0,0,0,0,0,0,0,0,0,0,0,0,0,0,0,0,0,0,0,0,0,0,0,0,0,0,0,0,0,0,0,0,0,0,0,0,0,0,0,0,0,0,0,0,0,0,0,0,0,0,0
8.965277777777779,8.965277777777779,3.8819444444444446,-4.166666666666666,0.37036266555588027,11.6,97.09499999999998,94.071,96.983363956,32,0,0.3302845292435922,-0.27362013175347566,0.3302845292435922,0.27362013175347566,1.6,1.6,1.6,32.24496893578564,13.948804852928623,1.8102706589731454,-1.6978095442343397,1.5005456443375407,-2.0769319712382486,7.829366928048302,0.48473579677429757,0.7219280948873623,4.062942298971397,90.06147084052891,4.5,2.249308736081173,3.065805317008899,2.0,0.7516097795639047,2.2548293386917138,0.5149719253127845,1.5449157759383532,0.0,0.0,0.0,0.0,-0.13000000000000003,3.6096404744368114,4.87,0.9251210352643447,800.7694082840233,29.47821313111477,0.0,0.0,0.0,0.0,0.0,10.304164876023634,4.552749873690364,5.138973737607942,8.417796984328938,0.0,0.0,0.0,0.0,0.0,12.9705468580193,10.304164876023634,0.0,0.0,5.138973737607942,0.0,0.0,0.0,0.0,0.0,5.138973737607942,0.0,0.0,0.0,12.9705468580193,10.304164876023634,0.0,0.0,0.0,0.0,0.0,0.0,80.39,10.304164876023634,0.0,0.0,0.0,0.0,0.0,0.0,0.0,0.0,5.138973737607942,12.9705468580193,25.20138888888889,0.0,0.0,3.8819444444444446,0.0,0.0,0.0,0.0,0.0,-4.166666666666666,0.0,5,3,4,0,0,0,0,0,0,2,2,5,0,0,0,0,0,-1.2520999999999995,15.736,0,0,0,0,0,0,0,0,0,0,0,0,0,0,0,0,0,1,0,0,0,0,0,0,0,0,0,0,0,0,0,0,0,0,0,0,0,0,0,0,0,0,0,0,0,0,0,0,0,0,0,0,0,0,0,0,0,0,0,0,0,0,0,0,0,0,0,0,0,0,0,0,0,0,0,0,0,0,0,0,0,0,0,0,0
9.430555555555555,9.430555555555555,0.7013888888888888,-3.884259259259259,0.4159280707066666,11.666666666666666,111.12199999999999,106.082,110.99901402,38,0,0.27736595101469474,-0.3157162851181484,0.3157162851181484,0.27736595101469474,1.6666666666666667,1.8333333333333333,1.8333333333333333,32.239751571175596,11.553628680641934,1.9331893370976012,-1.8015771927626008,1.6733019200373496,-2.1133356287353036,7.852181225698989,0.48344497444088785,1.3516441151533922,3.850621638983669,112.75488750216347,5.207106781186548,2.9564155172677204,3.7729120981954463,2.5606601717798214,1.2128309442270648,2.8219962517534674,0.7485809521797263,2.245742856539179,0.21061836273794737,0.631855088213842,0.0,0.0,-0.13000000000000003,12.16479703638053,5.87,1.5453875784214643,3.8700000000000006,35.70777773488289,5.733667477162185,5.876788389733356,0.0,0.0,10.118126859033554,0.0,4.552749873690364,0.0,8.417796984328938,0.0,0.0,0.0,0.0,0.0,12.9705468580193,10.118126859033554,0.0,0.0,5.733667477162185,0.0,5.876788389733356,0.0,0.0,0.0,5.733667477162185,0.0,0.0,0.0,18.847335247752657,10.118126859033554,0.0,0.0,0.0,0.0,0.0,0.0,80.39,15.99491524876691,8.417796984328938,0.0,0.0,0.0,0.0,0.0,0.0,0.0,5.733667477162185,4.552749873690364,26.53472222222222,0.0,0.0,0.0,4.467592592592593,-0.7013888888888888,0.0,0.0,0.0,-3.884259259259259,1.0,6,3,4,0,0,0,0,0,0,3,2,5,1,0,0,0,0,-1.2095999999999996,20.602999999999998,0,0,0,0,0,0,0,0,0,0,0,0,0,0,0,0,0,1,0,0,0,0,0,0,0,0,0,0,0,0,0,0,0,0,0,0,0,0,0,0,0,0,0,0,0,0,0,0,0,0,0,0,0,0,0,0,0,0,0,0,0,0,0,0,0,0,0,0,0,0,0,0,0,0,0,0,0,0,0,0,0,0,0,0,0
9.706805555555556,9.706805555555556,0.02893518518518512,-3.7991898148148144,0.45569908962415706,11.714285714285714,125.14899999999997,118.09299999999999,125.014664084,44,0,0.2656022407648306,-0.3293693413195931,0.3293693413195931,0.2656022407648306,1.5714285714285714,2.0,2.0,32.23973853460664,10.82160596067645,1.9786731860368287,-1.8588343949381316,1.7405077502069892,-2.133707342495661,7.8531492419834175,0.48319017049377266,1.2958363892911637,3.6021968224150824,125.87033355475131,5.914213562373095,3.663522298454268,4.480018879381994,3.060660171779821,1.7128309442270646,3.3219962517534674,1.0747135653398041,2.646790426829786,0.37580488978195226,1.1274146693458567,0.14892967253441064,0.44678901760323186,-0.13000000000000003,18.14170945007629,6.869999999999999,2.24774250890826,5.87,42.07271984927949,5.733667477162185,0.0,0.0,0.0,10.118126859033554,0.0,4.552749873690364,0.0,8.417796984328938,0.0,0.0,0.0,6.544756405912575,5.752853606746789,12.9705468580193,10.118126859033554,0.0,0.0,5.733667477162185,0.0,12.297610012659364,0.0,0.0,0.0,5.733667477162185,0.0,0.0,0.0,25.268156870678666,10.118126859033554,0.0,0.0,0.0,0.0,0.0,0.0,80.39,10.118126859033554,8.417796984328938,0.0,12.297610012659364,0.0,0.0,0.0,0.0,0.0,0.0,10.286417350852549,27.32347222222222,0.0,0.0,0.0,4.775486111111111,-0.35416666666666674,0.0,0.0,-0.02893518518518512,-3.7991898148148144,1.0,7,3,4,0,0,0,0,0,0,3,2,5,2,0,0,0,0,-1.1670999999999996,25.469999999999995,0,0,0,0,0,0,0,0,0,0,0,0,0,0,0,0,0,1,0,0,0,0,0,0,0,0,0,0,0,0,0,0,0,0,0,0,0,0,0,0,0,0,0,0,0,0,0,0,0,0,0,0,0,0,0,0,0,0,0,0,0,0,0,0,0,0,0,0,0,0,0,0,0,0,0,0,0,0,0,0,0,0,0,0,0
9.890138888888888,9.890138888888888,0.23263888888888884,-3.7662731481481475,0.5026461364947535,11.75,139.176,130.10399999999998,139.030314148,50,0,0.26439682985246443,-0.330438388875581,0.330438388875581,0.26439682985246443,1.5,2.0,2.125,32.239738565016324,10.506115791510213,1.9982544876135468,-1.897677919241949,1.8322528326430563,-2.0882338244956054,7.852808762674492,0.4811471335859574,1.5920001314822056,3.420929328779777,138.6075250475963,6.621320343559642,4.370629079640816,5.187125660568541,3.5606601717798214,2.2128309442270644,3.8219962517534674,1.4282669559330774,3.00034381742306,0.6064154721135322,1.4109981258767335,0.26573418596788156,0.7972025579036444,-0.13000000000000003,36.61600302409073,7.870000000000001,3.0087472053423565,5.87,48.4376619636761,5.733667477162185,0.0,0.0,0.0,10.118126859033554,0.0,4.552749873690364,0.0,8.417796984328938,0.0,0.0,12.965578028838586,0.0,5.752853606746789,12.9705468580193,10.118126859033554,0.0,0.0,5.733667477162185,6.4208216229260096,12.297610012659364,0.0,0.0,0.0,5.733667477162185,0.0,0.0,0.0,25.268156870678666,10.118126859033554,0.0,6.4208216229260096,0.0,0.0,0.0,0.0,80.39,10.118126859033554,8.417796984328938,0.0,5.752853606746789,12.965578028838586,0.0,0.0,0.0,0.0,0.0,10.286417350852549,27.845694444444444,0.0,0.0,0.0,4.960138888888888,-0.23263888888888884,0.0,0.318287037037037,0.2914583333333334,-3.7662731481481475,1.0,8,3,4,0,0,0,0,0,0,3,2,5,3,0,0,0,0,-0.7769999999999997,30.086999999999996,0,0,0,0,0,0,0,0,0,0,0,0,0,0,0,0,0,1,0,0,0,0,0,0,0,0,0,0,0,0,0,0,0,0,0,0,0,0,0,0,0,0,0,0,0,0,0,0,0,0,0,0,0,0,0,0,0,0,0,0,0,0,0,0,0,0,0,0,0,0,0,0,0,0,0,0,0,0,0,0,0,0,0,0,0
5.139027777777778,5.139027777777778,0.84375,0.84375,0.5124148721749513,8.4,73.139,62.050999999999995,73.08914935199999,32,0,-0.0077376425064202455,-0.3304736813706357,0.3304736813706357,0.0077376425064202455,1.6,2.2,2.2,14.50764735331403,10.34924182809625,1.6747221408690982,-1.7980910675229893,1.7653381514154733,-1.951294730735132,4.287091705023588,0.8070095009730591,1.4056390622295665,2.19060968716425,11.119415478763749,4.121320343559642,3.698670612749268,3.698670612749268,2.414213562373095,2.1153550716504106,2.1153550716504106,1.1422285251880864,1.1422285251880864,0.5576775358252052,0.5576775358252052,0.20412414523193148,0.20412414523193148,-0.04,11.245112497836532,4.960000000000001,3.9600000000000004,3.9600000000000004,33.17396806803209,5.733667477162185,0.0,0.0,0.0,0.0,0.0,0.0,0.0,0.0,0.0,13.344558822616634,12.965578028838586,0.0,0.0,0.0,0.0,0.0,0.0,5.733667477162185,19.765380445542643,6.544756405912575,0.0,0.0,0.0,5.733667477162185,0.0,0.0,0.0,6.544756405912575,0.0,0.0,19.765380445542643,0.0,0.0,0.0,0.0,26.02,0.0,0.0,0.0,0.0,0.0,6.544756405912575,12.841643245852019,0.0,0.0,6.923737199690624,5.733667477162185,0.0,0.0,0.0,0.0,5.139027777777778,0.0,0.0,2.3854166666666665,2.9755555555555557,0.0,1.0,5,2,1,0,0,0,0,0,0,1,1,1,2,0,0,0,0,0.7452000000000001,23.9624,0,0,0,0,0,0,0,0,0,0,0,0,0,0,0,0,0,1,0,0,0,0,0,0,0,0,0,0,0,0,0,0,0,0,0,0,0,0,0,0,0,0,0,0,0,0,0,0,0,0,0,0,0,0,0,0,0,0,0,0,0,0,0,0,0,0,0,0,0,0,0,0,0,0,0,0,0,0,0,0,0,0,0,0,0
9.657777777777778,9.657777777777778,1.0381481481481478,-1.0381481481481478,0.41918961069540506,9.5,116.08,112.048,116.033425368,44,0,0.35664859952258066,-0.3484289427542768,0.35664859952258066,0.3484289427542768,1.0,1.25,1.375,16.168128908048327,11.108259103789448,1.8610363164795698,-1.743300072633077,1.715941629262363,-2.070190432462437,5.7683764727656195,0.24885378997041818,1.6135681581652277,3.668626461933803,122.97373660251155,6.568914100752346,3.8656243103068935,3.8656243103068935,3.625897657686229,1.6328121551534467,1.6328121551534467,0.8764753359777324,0.8764753359777324,0.24711971193069776,0.24711971193069776,0.09855985596534889,0.09855985596534889,-1.46,40.339203954130696,6.539999999999999,2.6697215909622276,4.54,44.5537965808282,11.46733495432437,0.0,0.0,0.0,0.0,12.062229024676144,0.0,9.589074368143644,0.0,0.0,10.228500251258795,0.0,0.0,0.0,9.589074368143644,12.062229024676144,0.0,0.0,21.695835205583165,0.0,0.0,0.0,0.0,0.0,11.46733495432437,9.589074368143644,0.0,0.0,12.062229024676144,0.0,0.0,0.0,10.228500251258795,0.0,0.0,0.0,110.9,12.062229024676144,9.589074368143644,0.0,0.0,0.0,0.0,0.0,0.0,0.0,21.695835205583165,0.0,0.0,0.0,19.315555555555555,5.226851851851852,8.867222222222223,0.0,-2.0762962962962956,0.0,0.0,0.0,0.0,8,4,6,0,0,0,0,0,0,2,2,6,0,0,0,0,0,-0.40399999999999986,24.022800000000007,0,0,0,0,0,0,0,0,0,0,2,2,0,0,0,2,0,2,0,0,0,0,0,0,0,0,0,4,0,0,0,0,1,0,0,0,0,0,0,0,0,0,0,0,0,0,0,0,0,0,0,0,0,0,0,0,0,0,0,0,0,0,0,0,0,0,0,0,0,0,0,2,0,0,0,0,0,0,0,0,0,0,0,0,2
11.444440577671399,11.444440577671399,3.1427736835474924,-6.015453803434956,0.09201925410065975,29.333333333333332,660.0300000000004,641.8860000000003,659.8613712360001,216,0,0.4695392692578459,-0.3026200056245486,0.4695392692578459,0.3026200056245486,0.2777777777777778,0.3611111111111111,0.4166666666666667,31.212168405763478,9.848430834578265,2.6226488347490235,-2.477216016488761,2.5672052499579423,-2.6601053957107212,7.474185009413134,-0.2015406447211758,2.5060700127069624,4.0413777388734875,817.8311269922161,28.70674230225704,16.41292581970336,21.779488965702846,15.57081008634282,8.005103792393761,17.18688425243509,6.363610936594837,13.515445409315074,3.4969900996186873,6.605352215691926,2.792800403239357,6.135038563435174,0.6599999999999999,5096634.681962353,34.68727768685215,11.642162146708221,13.143696641005587,197.0678708965273,58.72093923302969,36.62379832648981,0.0,0.0,0.0,46.93618273879303,27.142482970270905,27.390289709587975,0.0,0.0,0.0,0.0,0.0,0.0,113.25371191288858,46.93618273879303,0.0,0.0,0.0,36.62379832648981,0.0,0.0,0.0,0.0,0.0,0.0,0.0,46.93618273879303,95.34473755951952,54.53277267985888,0.0,0.0,0.0,0.0,0.0,0.0,400.56000000000006,83.55998106528284,27.390289709587975,0.0,0.0,0.0,0.0,0.0,0.0,0.0,27.142482970270905,58.72093923302969,93.13510482279334,0.0,109.6475934324347,0.0,0.0,0.0,0.0,-18.85664210128496,0.0,-36.09272282060973,1.0,36,12,24,1,0,1,0,0,0,12,12,30,12,1,0,1,1,-3.132600000000001,101.50259999999997,0,0,0,0,0,0,0,0,0,0,0,0,0,0,0,0,0,0,0,0,0,0,0,0,0,0,0,0,0,0,0,0,0,0,0,0,0,0,0,0,0,0,0,0,0,0,0,0,0,0,0,0,0,0,0,0,0,0,0,0,0,0,0,0,0,0,0,6,6,0,0,0,0,0,0,0,0,0,0,0,0,0,0,0,0
12.594818594104307,12.594818594104307,0.19157407407407412,-5.336064814814814,0.8198153981611704,12.352941176470589,286.233,282.20099999999996,285.941736288,94,0,0.33527012762089853,-0.47763824058932075,0.47763824058932075,0.33527012762089853,0.9411764705882353,1.2941176470588236,1.5294117647058822,32.25510922823267,10.207225895608072,2.216299558400628,-2.0111706950503394,2.215223627107344,-2.036011441320929,7.868101584115512,0.06960553941731007,2.138526257809573,3.683059012409252,626.0655123780438,13.430721420318147,7.792931382334332,9.425924544189783,7.514873883685389,3.7933034076055017,6.560346721714929,2.8739406838094115,5.568141249637203,1.6900647434989604,3.287617945759394,0.9767479483368268,2.122289035975069,-1.5499999999999998,2810.0235027617787,13.51472491909385,4.035866968245452,3.2015124660074825,94.92496274077372,5.106527394840706,9.79096695103555,0.0,0.0,0.0,26.415720802526927,0.0,4.794537184071822,16.835593968657875,7.771517605163671,0.0,18.19910120538483,0.0,5.563451491696996,34.50817615273407,26.415720802526927,0.0,0.0,0.0,9.79096695103555,0.0,23.762552697081826,0.0,0.0,0.0,7.771517605163671,0.0,0.0,27.91142665145043,20.446415514575076,0.0,10.357988675768818,27.990068156420378,0.0,0.0,0.0,105.57999999999998,41.77013924525947,29.40164875789337,0.0,6.06636706846161,12.13273413692322,0.0,0.0,0.0,0.0,0.0,5.106527394840706,67.22963718820861,0.0,8.040711451247164,8.53062358276644,-0.8611574074074071,-1.721851851851852,0.9541666666666666,0.0,0.0,-10.672129629629628,0.0,17,1,6,0,0,0,1,0,1,5,1,10,3,0,0,0,1,0.7012,49.98890000000001,0,0,0,0,1,0,0,0,1,1,1,0,0,0,0,0,0,0,0,0,0,0,0,0,0,0,0,0,0,0,0,0,0,0,1,0,0,0,0,0,0,0,0,0,2,0,0,0,0,0,0,0,0,0,0,0,0,0,0,0,0,0,0,0,0,0,0,0,0,0,0,0,0,0,0,0,0,0,0,0,0,0,0,0,0
2.541666666666667,2.541666666666667,1.3194444444444444,1.3194444444444444,0.42118438219503695,45.0,112.176,100.07999999999998,112.10004838399999,46,0,0.01104610069862027,-0.29952425403273264,0.29952425403273264,0.01104610069862027,0.5,0.75,0.875,15.314973107645333,10.22015796918381,2.2122754241411933,-2.4089632245919113,2.0631013503864986,-2.5474551481013235,4.77959193375774,0.06465938053210628,1.9228429179027295,2.0315872925159697,61.50977500432693,5.397341225498537,5.1370678781192005,5.1370678781192005,3.9494897427831783,3.3973665961010275,3.3973665961010275,2.6832815729997463,2.6832815729997463,2.197366596101027,2.197366596101027,1.5193485306737928,1.5193485306737928,-0.08,130.7533184173856,4.7665885097226965,1.706856447907752,0.6437455886263826,50.071966633160855,0.0,0.0,0.0,0.0,0.0,0.0,9.799819461700956,0.0,0.0,0.0,0.0,0.0,39.26853843547545,0.0,0.0,0.0,0.0,9.799819461700956,0.0,0.0,39.26853843547545,0.0,0.0,0.0,0.0,0.0,0.0,0.0,49.0683578971764,0.0,0.0,0.0,0.0,0.0,0.0,0.0,6.48,0.0,0.0,0.0,0.0,0.0,0.0,39.26853843547545,0.0,0.0,9.799819461700956,0.0,0.0,0.0,5.083333333333334,0.0,0.0,0.0,0.0,0.0,7.916666666666667,0.0,1.0,8,0,2,0,3,3,0,0,0,2,0,2,0,0,3,3,3,-0.3824000000000001,32.87999999999999,0,0,0,0,0,0,0,0,0,0,0,0,0,0,0,2,0,0,0,0,0,0,0,0,0,0,0,0,0,0,0,0,0,0,0,0,3,0,0,0,0,0,0,0,0,0,0,0,0,0,0,0,0,0,0,0,0,0,0,0,0,0,0,0,0,0,0,0,0,0,3,0,0,0,0,0,0,0,0,0,0,0,0,0,0
8.334336734693878,8.334336734693878,0.32397959183673475,0.32397959183673475,0.514915169143971,9.75,117.192,102.07199999999997,117.1153641,50,0,0.043052413801473406,-0.3963765693160603,0.3963765693160603,0.043052413801473406,1.0,1.625,2.125,16.24992461940631,10.183432576341875,1.836404436620404,-1.9316750490665753,1.9546467204660336,-1.9727462753898466,4.408020591320998,0.2824811722293254,1.8088121254443208,2.53006045688352,33.50977500432694,6.242640687119286,5.267204551808868,5.267204551808868,3.914213562373095,3.2244760564807007,3.2244760564807007,1.9264954947178867,1.9264954947178867,1.1122380282403501,1.1122380282403501,0.6096943567656694,0.6096943567656694,-0.08,61.499612265106904,7.919999999999998,6.92,5.92,50.69808604902132,10.84019487200289,0.0,0.0,0.0,0.0,0.0,0.0,0.0,0.0,0.0,12.841643245852019,19.386399651764595,6.606881964512918,0.0,5.106527394840706,0.0,0.0,0.0,5.733667477162185,25.683286491704038,13.151638370425493,0.0,0.0,0.0,5.733667477162185,0.0,0.0,0.0,18.2581657652662,0.0,0.0,25.683286491704038,0.0,0.0,0.0,0.0,46.25,0.0,0.0,0.0,0.0,6.606881964512918,32.22804289761662,0.0,0.0,0.0,0.0,10.84019487200289,0.0,0.0,0.0,8.334336734693878,5.248242630385487,0.0,0.0,4.310277777777778,1.1071428571428572,0.0,1.0,8,3,2,0,0,0,0,0,0,2,2,2,5,0,0,0,0,0.4978000000000001,34.6082,0,1,1,0,0,0,0,0,0,0,0,0,0,0,0,0,0,1,0,0,0,0,0,0,0,0,0,0,0,0,0,0,0,0,0,0,0,0,0,0,0,0,0,0,0,0,0,0,0,0,0,0,0,0,0,0,0,0,0,0,0,0,0,0,0,0,0,0,0,0,0,0,0,0,0,0,0,0,0,0,0,0,0,3,0
11.643692978364696,11.643692978364696,0.0948459414630054,-1.0795396090534977,0.5854078675344887,10.923076923076923,344.3260000000001,332.2300000000001,344.079706864,126,0,0.3359558151595534,-0.4776216506119852,0.4776216506119852,0.3359558151595534,0.6538461538461539,1.0384615384615385,1.4230769230769231,16.368653191177874,10.03436841104629,2.1651107248570525,-2.0897516161730763,2.271696186335103,-2.029659439109946,6.053008310337719,0.06876432275013858,2.655031449424492,2.0389922458544847,1105.7518942609297,18.25878406613483,13.37885365482382,13.37885365482382,12.541713895658194,7.809290153722241,7.809290153722241,5.754716269311085,5.754716269311085,4.155609138188232,4.155609138188232,2.967123298066109,2.967123298066109,-3.799999999999999,1058351.2914010405,15.711715797430083,5.928050217921659,2.5348674446154065,146.9325182841972,10.213054789681411,0.0,0.0,0.0,0.0,11.938610575903699,0.0,19.55703141003806,0.0,0.0,36.39820241076966,24.26546827384644,10.772448428929591,33.54816040832343,19.802129157825057,33.744460440065815,0.0,9.967957041894417,0.0,0.0,0.0,71.7905736680101,0.0,11.387855989696922,0.0,0.0,0.0,0.0,32.119622407479525,0.0,0.0,20.715977351537635,60.6636706846161,0.0,33.193705853859036,0.0,100.38,11.938610575903699,19.802129157825057,0.0,11.126902983393991,33.193705853859036,0.0,12.13273413692322,48.53093654769288,0.0,9.967957041894417,0.0,0.0,0.0,32.24140617592818,20.08627327785517,1.8352227681195954,-2.1590792181069953,16.662843662870717,0.0,0.0,0.0,0.0,26,2,6,0,0,0,2,2,4,4,2,6,3,0,0,0,4,3.846400000000002,96.39860000000003,0,0,0,0,2,2,0,0,2,2,2,0,0,0,0,2,0,0,0,0,0,0,0,0,0,0,0,0,0,0,0,0,0,0,2,0,2,0,0,0,0,0,0,0,0,0,0,0,0,0,0,0,0,0,0,0,0,0,0,0,0,0,0,0,2,0,0,0,0,0,0,0,0,2,0,0,0,0,0,0,0,0,0,0,0
11.573703703703703,11.573703703703703,0.5057870370370369,0.5057870370370369,0.5159644184316389,53.63636363636363,150.22099999999998,136.10899999999998,150.104465068,60,0,0.13858109754978426,-0.29908798611794074,0.29908798611794074,0.13858109754978426,0.8181818181818182,1.2727272727272727,1.7272727272727273,16.1395737134691,9.556356334791465,2.467301416115651,-2.4786270379609254,2.5113629824183694,-2.4482229902896004,5.848823071941335,-0.13944860913232696,1.9799168494847872,1.9635688763558112,176.91831683475925,7.422285251880869,6.753183273155106,6.753183273155106,5.326499840494923,4.863957319060188,4.863957319060188,4.706777886725992,4.706777886725992,3.9428090415820622,3.9428090415820622,3.6486295379983793,3.6486295379983793,-0.33,570.2160526516187,6.215329221093523,1.8786935710189137,0.743017228059181,67.1677586968551,0.0,5.783244946364939,0.0,0.0,0.0,0.0,4.794537184071822,0.0,0.0,0.0,0.0,43.939920206952834,11.835812092322787,0.0,4.794537184071822,5.783244946364939,0.0,0.0,23.671624184645573,32.10410811463005,0.0,0.0,0.0,0.0,0.0,0.0,0.0,0.0,5.783244946364939,4.794537184071822,23.671624184645573,32.10410811463005,0.0,0.0,0.0,0.0,17.07,0.0,4.794537184071822,0.0,0.0,17.61905703868773,11.835812092322787,32.10410811463005,0.0,0.0,0.0,0.0,0.0,0.0,11.573703703703703,0.0,0.0,3.513981481481481,0.0,6.412314814814814,0.0,0.0,0.9,11,0,1,4,0,4,0,0,0,1,0,1,0,4,0,4,4,2.0116,42.052000000000014,0,0,0,0,0,0,0,0,0,0,1,1,0,0,0,0,0,0,0,0,0,0,0,0,0,0,0,0,0,0,0,0,0,0,0,0,0,0,0,0,0,0,0,0,0,0,0,0,0,0,0,1,1,0,0,0,0,0,0,0,0,0,0,0,0,0,0,0,0,0,0,0,0,0,0,0,0,0,0,0,0,0,0,0,0
11.252916666666666,11.252916666666666,0.2829861111111114,-0.5077777777777766,0.6718396789284883,52.46153846153846,180.24699999999996,164.11899999999997,180.115029752,72,0,0.3091592884443339,-0.4808213216267683,0.4808213216267683,0.3091592884443339,1.0,1.3846153846153846,1.6923076923076923,16.368072933792842,9.494784194554219,2.542498998746377,-2.541264115456223,2.594714132618615,-2.494352091489817,5.748776136229001,-0.16410434895356563,2.001544835963606,1.953045545977246,221.53168113250698,9.05204176387779,7.830153380651986,7.830153380651986,6.178270458928654,5.4126257289365,5.4126257289365,5.503038078534052,5.503038078534052,4.491914200875513,4.491914200875513,4.372576909628008,4.372576909628008,-0.53,1242.9593431333992,7.835310780496214,2.2826041475859915,0.9756606704973886,78.32693456344772,5.106527394840706,0.0,0.0,0.0,0.0,5.969305287951849,4.794537184071822,0.0,0.0,0.0,0.0,56.27864787604024,0.0,5.41499046939678,9.901064578912528,5.969305287951849,0.0,0.0,23.16870860788096,38.524929737556064,0.0,0.0,0.0,0.0,0.0,0.0,0.0,0.0,11.075832682792555,4.794537184071822,23.16870860788096,38.524929737556064,0.0,0.0,0.0,0.0,37.3,5.969305287951849,9.901064578912528,0.0,5.41499046939678,0.0,37.016183007262214,19.26246486877803,0.0,0.0,0.0,0.0,0.0,0.0,11.252916666666666,9.278749999999999,-0.2829861111111114,1.748750000000001,0.0,6.919236111111111,0.0,0.0,0.9090909090909091,13,1,2,4,0,4,0,0,0,1,1,2,1,4,0,4,4,2.2874000000000008,48.240800000000036,1,0,0,0,0,0,0,0,1,1,1,0,0,0,0,0,0,0,0,0,0,0,0,0,0,0,0,0,0,0,0,0,0,0,0,0,0,0,0,0,0,0,0,0,0,0,0,0,0,0,0,0,0,0,0,0,0,0,0,0,0,0,0,0,0,0,0,0,0,0,0,0,0,0,0,0,0,0,0,0,0,0,0,0,0
10.883887471655328,10.883887471655328,0.22280092592592582,-0.5768981481481485,0.7334282446523888,49.57142857142857,194.27399999999994,176.12999999999997,194.130679816,78,0,0.3034060052662,-0.48121517165846556,0.48121517165846556,0.3034060052662,1.0714285714285714,1.5,1.8571428571428572,16.365350723628158,9.486647501581869,2.5090053823354563,-2.5601578246818533,2.607221094681678,-2.463637388096641,5.674071467629906,-0.14497200170286428,1.963768739957071,1.834799188679471,234.21108202023407,9.759148545064338,8.537260161838534,8.537260161838534,6.651397005390978,5.869732510123048,5.869732510123048,5.988070666755649,5.988070666755649,4.691289234614009,4.691289234614009,4.827310562237835,4.827310562237835,-0.53,1802.7397032805911,8.75225324240382,2.7398409384801687,1.2695894224014703,84.69187667784433,5.106527394840706,0.0,0.0,0.0,0.0,5.969305287951849,4.794537184071822,0.0,0.0,0.0,0.0,61.69363834543702,0.0,6.4208216229260096,9.901064578912528,5.969305287951849,0.0,0.0,23.16870860788096,44.94575136048208,0.0,0.0,0.0,0.0,0.0,0.0,0.0,0.0,11.075832682792555,4.794537184071822,23.16870860788096,44.94575136048208,0.0,0.0,0.0,0.0,37.3,5.969305287951849,4.794537184071822,0.0,5.41499046939678,6.4208216229260096,17.75371813848418,38.524929737556064,0.0,0.0,0.0,5.106527394840706,0.0,0.0,10.883887471655328,8.973496315192744,0.22280092592592582,2.0497685185185173,0.0,8.28671343537415,0.0,0.0,0.9166666666666666,14,1,2,4,0,4,0,0,0,1,1,2,2,4,0,4,4,2.677500000000001,52.85780000000003,1,0,0,0,0,0,0,0,1,1,1,0,0,0,0,0,0,0,0,0,0,0,0,0,0,0,0,0,0,0,0,0,0,0,0,0,0,0,0,0,0,0,0,0,0,0,0,0,0,0,0,0,0,0,0,0,0,0,0,0,0,0,0,0,0,0,0,0,0,0,0,0,0,0,0,0,0,0,0,0,0,0,0,0,0
9.460648148148149,9.460648148148149,0.7129629629629626,-2.2561728395061724,0.21335456028649882,13.5,108.12199999999999,104.08999999999999,107.999348368,36,0,0.22195177486737028,-0.3747045131747071,0.3747045131747071,0.22195177486737028,2.0,2.1666666666666665,2.1666666666666665,32.20927223167888,11.389157927142064,1.8988382119745932,-1.793572371480685,1.619844926586757,-2.1437489666540674,7.948087694649584,0.5762052215064338,1.3609640474436813,3.567703455043203,77.5488750216347,5.1547005383792515,2.84106044561731,3.6575570265450357,2.6427344100918364,1.0920401323284665,2.1987701277957736,0.6134067956119842,1.5515452522411395,0.18812736322737236,0.564382089682117,0.0,0.0,-0.42000000000000004,13.609640474436812,5.579999999999999,1.8852247530221862,1.8593296089385476,37.14198455593701,5.733667477162185,0.0,0.0,16.24809453509841,0.0,0.0,9.962033479481885,4.208898492164469,0.0,0.0,0.0,0.0,0.0,0.0,8.761648365854832,16.24809453509841,5.409283605791522,0.0,5.733667477162185,0.0,0.0,0.0,0.0,0.0,5.733667477162185,0.0,0.0,0.0,13.929300135432879,11.080442765520361,5.409283605791522,0.0,0.0,0.0,0.0,0.0,87.17,16.24809453509841,4.208898492164469,0.0,0.0,0.0,0.0,0.0,0.0,0.0,5.733667477162185,9.962033479481885,17.212962962962962,-2.2561728395061724,0.0,5.463734567901235,4.468364197530864,0.0,0.0,0.0,0.0,0.0,0.0,6,4,4,0,0,0,0,0,0,2,3,5,0,0,0,0,0,-0.8984299999999998,22.6853,0,0,0,0,0,0,0,0,0,0,0,0,0,0,0,0,1,1,0,0,0,0,0,0,0,0,0,0,1,0,0,0,0,0,0,0,0,0,0,0,0,0,0,0,0,0,0,0,0,0,0,0,0,0,0,0,0,0,0,0,0,0,0,0,0,0,0,0,0,0,0,0,0,0,0,0,0,0,0,0,0,0,0,0,0
9.920277777777777,9.920277777777777,0.22685185185185208,-0.9928703703703701,0.32736274622427813,8.555555555555555,131.13499999999996,122.06299999999999,131.069476528,52,0,0.3226929248940004,-0.4799250432632231,0.4799250432632231,0.3226929248940004,1.8888888888888888,2.3333333333333335,2.4444444444444446,16.366817027308148,10.574785427735101,2.0255839036413765,-2.115774868264127,1.7633073138935804,-2.3609509890677276,5.794696118138523,-0.13668903243523903,1.634374150092862,3.632432151939845,133.77443751081734,7.439157588755425,5.087132531839952,5.087132531839952,4.0365812602091875,2.3070076274367723,2.3070076274367723,1.6350412840529847,1.6350412840529847,0.7836781032383806,0.7836781032383806,0.2880626180440361,0.2880626180440361,-1.26,60.47184355343589,7.739999999999999,2.9071056558917943,3.33347181008902,52.574908589740026,15.740104602853368,6.544756405912575,5.959554568743835,0.0,0.0,5.969305287951849,10.203820789863343,0.0,0.0,0.0,0.0,0.0,7.04767198267719,0.0,9.901064578912528,11.928859856695684,5.409283605791522,4.899909730850478,5.733667477162185,0.0,13.592428388589765,0.0,0.0,0.0,5.733667477162185,0.0,0.0,0.0,35.52772537097663,4.794537184071822,5.409283605791522,0.0,0.0,0.0,0.0,0.0,90.41000000000001,5.969305287951849,4.794537184071822,0.0,12.50431097465641,0.0,4.899909730850478,7.04767198267719,0.0,0.0,0.0,16.249478477794412,0.0,0.0,11.047592592592592,14.872916666666667,4.930138888888889,-1.2313888888888884,0.0,0.0,-0.22685185185185208,1.440925925925926,0.5,9,4,5,0,0,0,0,0,0,2,3,5,2,0,0,0,0,-1.1037299999999988,32.179899999999996,1,0,0,0,0,0,0,0,1,1,1,0,0,0,0,1,1,1,0,1,0,0,0,0,0,0,0,0,0,0,0,0,0,0,0,0,0,0,0,0,0,0,0,1,0,0,0,0,0,0,0,0,0,0,0,0,0,0,0,0,0,0,0,0,0,0,0,0,0,0,0,0,0,0,0,0,0,0,0,0,0,0,0,0,0
9.846435185185186,9.846435185185186,0.5324074074074074,-1.2940740740740735,0.45202125503537777,12.555555555555555,133.10299999999998,126.04699999999997,133.037507704,52,0,0.32057810707028217,-0.48117538323698905,0.48117538323698905,0.32057810707028217,1.4444444444444444,1.8888888888888888,2.0,16.37445950808039,10.219120554237657,2.138970863581749,-1.985359867284346,1.8553193040644178,-2.318388375088437,5.796663645130891,-0.1444881494356056,1.634374150092862,3.632432151939845,132.52932501298082,7.439157588755425,4.572731091493441,4.572731091493441,4.0365812602091875,2.239272034949104,2.239272034949104,1.5425934287382654,1.5425934287382654,0.711731036309416,0.711731036309416,0.27543757635280286,0.27543757635280286,-1.1,60.47184355343589,7.8999999999999995,3.032306526953668,3.479710144927536,51.08547977251164,15.946722266843596,6.041840829147961,0.0,0.0,0.0,11.938610575903699,9.589074368143644,0.0,0.0,0.0,0.0,0.0,0.0,6.4208216229260096,19.802129157825057,11.938610575903699,0.0,0.0,5.733667477162185,12.462662452073971,0.0,0.0,0.0,0.0,5.733667477162185,0.0,0.0,0.0,28.193506194733068,9.589074368143644,0.0,6.4208216229260096,0.0,0.0,0.0,0.0,100.62000000000002,24.401273027977666,9.589074368143644,0.0,0.0,0.0,0.0,0.0,0.0,0.0,0.0,15.946722266843596,0.0,0.0,19.617268518518518,16.03199074074074,4.837037037037037,-2.4978703703703693,-1.2893518518518523,-0.5324074074074074,0.0,0.0,0.5,9,4,5,0,0,0,0,0,0,3,3,5,3,0,0,0,0,-1.127,27.863999999999997,2,0,0,0,0,0,0,0,2,2,2,0,0,0,0,0,0,1,0,0,0,0,0,0,0,0,0,0,0,0,0,0,0,0,0,0,0,0,0,0,0,0,0,0,0,0,0,0,0,0,0,0,0,0,0,0,0,0,0,0,0,0,0,0,0,0,0,0,0,0,0,0,0,0,0,0,0,0,0,0,0,0,0,0,0
10.904968366236403,10.904968366236403,0.03756582262534591,-3.8776662537442963,0.557127906638782,12.285714285714286,303.29800000000006,285.154,303.102430066,110,0,0.3250631100829105,-0.34047518531676674,0.34047518531676674,0.3250631100829105,0.8571428571428571,1.380952380952381,1.9047619047619047,31.190889727930447,10.15196149151645,2.1261907087660425,-2.077434827258055,2.354070512671358,-1.9878823132143617,7.512462478481283,0.3703028966025275,2.773039660273433,1.9101107357670866,765.3664705691571,14.872032720186706,11.644331950726894,12.53875914172681,10.061461509579258,7.066943851747941,8.864547755451726,5.2813338510798165,7.057915831847246,3.7609841478017323,4.659786099653624,2.8318978786137814,3.467446833711959,-1.6099999999999999,77711.66343950269,14.332425678985148,5.644146292402328,3.0282514234664606,122.72504046890334,14.353922853296304,0.0,0.0,0.0,0.0,7.595762326787885,4.565048284931329,0.0,0.0,0.0,36.39820241076966,24.974377382775238,34.51251629754261,0.0,14.351871490436281,29.401612190950004,0.0,4.567099647791355,0.0,19.386399651764595,6.161910027467921,48.53093654769288,0.0,0.0,0.0,0.0,0.0,7.595762326787885,20.515832880764226,11.109804690843905,0.0,12.841643245852019,48.53093654769288,0.0,21.805849864162113,0.0,62.46,7.595762326787885,4.565048284931329,0.0,6.161910027467921,6.4208216229260096,12.965578028838586,21.805849864162113,0.0,24.26546827384644,28.832567921637793,9.78682320550495,13.1453875524294,0.0,17.84535267815932,2.4501630605946083,2.3516288737717312,0.0,16.53250464812409,1.2529998110355258,0.771851851851852,-3.8776662537442963,0.25,21,2,4,0,0,0,2,1,3,2,2,5,5,0,0,0,3,3.7524000000000024,85.58910000000004,0,0,0,0,0,1,0,0,0,0,0,0,0,0,0,1,0,0,0,0,0,0,0,0,0,0,0,0,0,0,1,0,0,0,2,0,3,0,0,0,0,0,0,0,0,0,0,0,0,0,0,0,0,0,0,0,0,0,0,0,0,0,0,0,2,0,0,0,0,0,0,0,0,0,0,0,0,0,0,0,0,0,0,1,0
11.197849789397548,11.197849789397548,0.05952884510604495,-3.942733296222956,0.2769870070248863,12.482758620689655,403.4180000000002,381.2420000000002,403.133730194,146,0,0.3250631100829105,-0.34043794747848194,0.34043794747848194,0.3250631100829105,0.6896551724137931,1.206896551724138,1.7241379310344827,31.190890430385295,9.997436271161696,2.1631880775535164,-2.087583590462735,2.393096666555498,-1.9906282661145105,7.512478092084855,0.37030026288691,3.047648252155342,1.7653265340059137,1320.9352363862392,20.009860921691395,15.953733027485399,16.848160218485315,14.027788004768047,9.888311056793858,11.685914960497648,7.608684120269443,9.38526610103687,5.7267718837858475,6.625573835637739,4.453779387635489,5.0893283427336655,-2.649999999999999,6474838.427041102,18.383117202109386,6.9964287833879695,3.2363877572883117,168.0883695323737,14.353922853296304,0.0,0.0,0.0,0.0,7.595762326787885,4.565048284931329,0.0,0.0,0.0,60.6636706846161,46.519274240634424,34.51251629754261,0.0,14.351871490436281,50.94650904880918,0.0,4.567099647791355,0.0,19.386399651764595,6.161910027467921,72.79640482153933,0.0,0.0,0.0,0.0,0.0,7.595762326787885,20.515832880764226,11.109804690843905,0.0,12.841643245852019,72.79640482153933,0.0,43.3507467220213,0.0,62.46,7.595762326787885,4.565048284931329,0.0,6.161910027467921,6.4208216229260096,12.965578028838586,43.3507467220213,0.0,0.0,77.36350446933069,9.78682320550495,13.506602308923878,0.0,18.318833478633124,7.414244930393169,2.3448752834467124,0.0,25.591385593194907,1.17286265779141,0.732817932728647,-3.942733296222956,0.16666666666666666,29,2,4,0,0,0,4,1,5,2,2,5,5,0,0,0,5,6.058800000000005,120.60110000000003,0,0,0,0,0,1,0,0,0,0,0,0,0,0,0,1,0,0,0,0,0,0,0,0,0,0,0,0,0,0,1,0,0,0,4,0,7,0,0,0,0,0,0,0,0,0,0,0,0,0,0,0,0,0,0,0,0,0,0,0,0,0,0,0,0,0,0,0,0,0,0,0,0,0,0,0,0,0,0,0,0,0,0,1,0
10.396195830183926,10.396195830183926,0.1598578042328047,-1.0203009259259253,0.6277204469356521,12.384615384615385,181.19099999999997,170.10299999999995,181.073893212,70,0,0.32031550178849594,-0.5079666451758841,0.5079666451758841,0.32031550178849594,1.3846153846153846,1.9230769230769231,2.3846153846153846,16.367595320550286,10.071563675225832,2.1085817848615975,-2.051189731700422,2.101425351210312,-2.3164449871083224,5.7303947946272356,-0.13799656128825757,2.0845175502848488,2.641763904889644,294.23305328030176,9.844934982691242,6.973883877788083,6.973883877788083,6.092224152875014,3.856515094763092,3.856515094763092,2.8153020657259367,2.8153020657259367,1.7091531754759903,1.7091531754759903,0.9732748005878348,0.9732748005878348,-1.5499999999999998,758.764388303685,9.537336244541484,3.909515505702705,2.757388143125063,75.6161097641353,15.946722266843596,11.791352662431866,0.0,0.0,0.0,5.969305287951849,4.794537184071822,0.0,0.0,0.0,12.13273413692322,24.117007251546223,0.0,0.0,15.007591973753234,5.969305287951849,0.0,0.0,5.733667477162185,12.462662452073971,0.0,29.828919765543436,0.0,5.749511833283905,5.733667477162185,0.0,5.749511833283905,0.0,22.22420090678122,11.21535880699783,0.0,5.563451491696996,24.26546827384644,0.0,0.0,0.0,83.55,12.011146117099809,4.794537184071822,0.0,12.170333456209914,0.0,5.563451491696996,12.13273413692322,12.13273413692322,0.0,0.0,15.946722266843596,0.0,0.0,10.396195830183926,17.47592624086672,6.123313492063493,-0.8604431216931205,5.424914965986394,0.27342592592592574,0.0,0.0,0.2222222222222222,13,4,4,0,0,0,1,0,1,3,3,4,3,0,0,0,1,0.3466,47.42200000000002,1,0,0,0,0,0,0,1,1,1,1,0,0,0,0,0,0,1,0,0,0,0,0,0,0,0,0,0,0,0,0,0,0,0,1,0,0,0,0,0,0,0,0,0,0,0,0,0,0,0,0,0,0,0,0,0,0,0,0,0,0,0,0,0,0,1,1,0,0,0,0,0,0,0,0,0,0,0,0,0,0,0,0,0,0
9.0,9.0,0.8333333333333333,-0.8333333333333333,0.4298828832001217,6.25,60.05200000000001,56.02,60.021129368000004,24,0,0.2996845531582142,-0.481433475172105,0.481433475172105,0.2996845531582142,2.0,2.0,2.0,16.36392906806316,10.854985217204096,1.6509951854331453,-1.5897739953032324,1.4156543939895587,-1.7770437432804953,5.624779759282926,-0.1339289924624054,0.8112781244591328,2.8030394876740514,27.019550008653873,3.5773502691896257,2.355461885963821,2.355461885963821,1.7320508075688772,0.9277309429819105,0.9277309429819105,0.5190180358994382,0.5190180358994382,0.0,0.0,0.0,0.0,-0.53,3.2451124978365313,3.4699999999999998,0.8748582995951415,1.1560092559629747,24.059948994465934,5.106527394840706,0.0,0.0,0.0,5.969305287951849,0.0,4.794537184071822,0.0,0.0,0.0,0.0,0.0,6.923737199690624,0.0,9.901064578912528,5.969305287951849,0.0,0.0,0.0,6.923737199690624,0.0,0.0,0.0,0.0,0.0,0.0,0.0,0.0,11.075832682792555,4.794537184071822,0.0,6.923737199690624,0.0,0.0,0.0,0.0,37.3,5.969305287951849,0.0,0.0,0.0,0.0,6.923737199690624,0.0,0.0,0.0,0.0,9.901064578912528,0.0,0.0,9.0,7.416666666666666,0.0,-0.8333333333333333,0.0,0.0,1.0833333333333333,0.0,0.5,4,1,2,0,0,0,0,0,0,1,1,2,0,0,0,0,0,0.09089999999999993,13.309800000000001,1,0,0,0,0,0,0,0,1,1,1,0,0,0,0,0,0,0,0,0,0,0,0,0,0,0,0,0,0,0,0,0,0,0,0,0,0,0,0,0,0,0,0,0,0,0,0,0,0,0,0,0,0,0,0,0,0,0,0,0,0,0,0,0,0,0,0,0,0,0,0,0,0,0,0,0,0,0,0,0,0,0,0,0,0
12.435105347694632,12.435105347694632,0.21787037037037038,-1.0515509259259253,0.7274025769135066,12.461538461538462,183.182,173.10199999999998,183.06955678,70,0,0.32031550175120044,-0.48007770020330015,0.48007770020330015,0.32031550175120044,1.4615384615384615,2.0,2.4615384615384617,19.142140130496223,10.073337795314671,2.10912574748081,-2.0485678425155784,2.0429680052699095,-2.3166907130700407,5.730166655030187,-0.13799654945820833,2.0845175502848488,2.641763904889644,296.9879407824652,9.844934982691242,6.9046347552973515,6.9046347552973515,6.092224152875014,3.8218905335177262,3.8218905335177262,2.775321066214768,2.775321066214768,1.686070134645747,1.686070134645747,0.961733280172713,0.961733280172713,-1.42,758.764388303685,9.666355785837652,4.000200678596205,2.833291058013128,74.98741141486553,10.84019487200289,11.859061670193856,0.0,0.0,0.0,5.969305287951849,4.794537184071822,4.39041504767482,0.0,0.0,12.13273413692322,24.117007251546223,0.0,0.0,14.291479626587348,5.969305287951849,0.0,0.0,5.733667477162185,12.462662452073971,0.0,35.646140606589334,0.0,0.0,5.733667477162185,4.39041504767482,0.0,0.0,17.117673511940517,11.21535880699783,5.817220841045895,5.563451491696996,24.26546827384644,0.0,0.0,0.0,63.32000000000001,12.011146117099809,9.184952231746642,0.0,12.238042463971905,0.0,5.563451491696996,24.26546827384644,0.0,0.0,0.0,10.84019487200289,12.435105347694632,0.0,10.371504472159234,8.498828577727387,6.012063492063493,-1.3916931216931205,4.689654195011338,0.21787037037037038,0.0,0.0,0.2222222222222222,13,3,3,0,0,0,1,0,1,2,2,4,3,0,0,0,1,0.7801,45.71520000000002,1,0,0,0,0,0,0,0,1,1,1,0,0,0,0,0,0,1,0,0,0,0,0,0,0,0,0,0,0,0,0,0,0,0,1,0,0,0,0,0,0,0,0,0,1,0,0,0,0,0,0,0,0,0,0,0,0,0,0,0,0,0,0,0,0,0,0,0,0,0,0,0,0,0,0,0,0,0,0,0,0,0,0,0,0
10.378641817838247,10.378641817838247,0.38509259259259254,-0.9593953136810278,0.6904627990029388,12.416666666666666,165.19199999999995,154.10399999999996,165.078978592,64,0,0.32031550163956013,-0.48007770020344237,0.48007770020344237,0.32031550163956013,1.4166666666666667,2.0,2.5,16.367544587086428,10.07636439274442,2.103857449637571,-2.04422009552615,2.00760662557385,-2.316395437688862,5.730124707332311,-0.1379963474851924,2.0570524174272227,2.58460408239752,258.4908622767174,8.974691494688164,6.604020551477751,6.604020551477751,5.698377302757663,3.7222246944901536,3.7222246944901536,2.634453445168402,2.634453445168402,1.6156375325315602,1.6156375325315602,0.9553374414747878,0.9553374414747878,-1.35,526.605418861369,8.743896713615024,3.8752009284976325,2.3586512364733427,70.82187601193928,10.84019487200289,6.041840829147961,0.0,0.0,0.0,5.969305287951849,4.794537184071822,0.0,0.0,0.0,30.33183534230805,11.984273114623004,0.0,0.0,9.901064578912528,5.969305287951849,0.0,0.0,5.733667477162185,12.462662452073971,0.0,35.89528683400505,0.0,0.0,5.733667477162185,0.0,0.0,0.0,17.117673511940517,11.21535880699783,0.0,5.563451491696996,30.33183534230805,0.0,0.0,0.0,63.32000000000001,12.011146117099809,4.794537184071822,0.0,0.0,6.4208216229260096,5.563451491696996,0.0,0.0,30.33183534230805,0.0,10.84019487200289,0.0,0.0,10.378641817838247,8.518311602418745,6.300260770975058,-0.9593953136810278,8.543755196523053,0.38509259259259254,0.0,0.0,0.2222222222222222,12,3,3,0,0,0,1,0,1,2,2,3,3,0,0,0,1,0.641,45.75720000000002,1,0,0,0,0,0,0,0,1,1,1,0,0,0,0,0,0,1,0,0,0,0,0,0,0,0,0,0,0,0,0,0,0,0,1,0,0,0,0,0,0,0,0,0,0,0,0,0,0,0,0,0,0,0,0,0,0,0,0,0,0,0,0,0,0,0,0,0,0,0,0,0,0,0,0,0,0,0,0,0,0,0,0,0,0
9.574074074074074,9.574074074074074,0.7314814814814816,-0.962962962962963,0.4513521877377077,13.666666666666666,89.09399999999998,82.03799999999998,89.047678464,36,0,0.3196779563386595,-0.4800942338470611,0.4800942338470611,0.3196779563386595,2.0,2.1666666666666665,2.1666666666666665,16.367425029932832,10.385340795249778,1.9902887517857772,-1.8970694528403398,1.6766102095077626,-2.2500042064386903,5.718631580202891,-0.13756290275528452,1.3609640474436813,3.2575861612334887,59.813537528125096,5.1547005383792515,3.5101624243430725,3.5101624243430725,2.6427344100918364,1.6270896800996826,1.6270896800996826,1.1269128025836794,1.1269128025836794,0.38952755606530876,0.38952755606530876,0.0,0.0,-0.5700000000000001,13.609640474436812,5.43,1.7676338396942162,1.7215451895043727,35.76478180587526,10.84019487200289,6.041840829147961,0.0,0.0,0.0,5.969305287951849,4.794537184071822,0.0,0.0,0.0,0.0,6.923737199690624,0.0,0.0,9.901064578912528,5.969305287951849,0.0,0.0,5.733667477162185,12.965578028838586,0.0,0.0,0.0,0.0,5.733667477162185,0.0,0.0,0.0,17.117673511940517,4.794537184071822,0.0,6.923737199690624,0.0,0.0,0.0,0.0,63.32000000000001,12.011146117099809,4.794537184071822,0.0,0.0,0.0,0.0,6.923737199690624,0.0,0.0,0.0,10.84019487200289,0.0,0.0,9.574074074074074,7.8657407407407405,4.835648148148148,-0.962962962962963,-0.7314814814814816,0.0,1.4189814814814814,0.0,0.6666666666666666,6,3,3,0,0,0,0,0,0,2,2,3,1,0,0,0,0,-0.5817999999999999,21.285200000000003,1,0,0,0,0,0,0,0,1,1,1,0,0,0,0,0,0,1,0,0,0,0,0,0,0,0,0,0,0,0,0,0,0,0,0,0,0,0,0,0,0,0,0,0,0,0,0,0,0,0,0,0,0,0,0,0,0,0,0,0,0,0,0,0,0,0,0,0,0,0,0,0,0,0,0,0,0,0,0,0,0,0,0,0,0
9.756435185185186,9.756435185185186,0.18981481481481488,-1.004629629629629,0.42438150224218973,13.428571428571429,121.16099999999997,114.10499999999999,121.019749464,42,0,0.32082221100587355,-0.4800638842024688,0.4800638842024688,0.32082221100587355,2.0,2.4285714285714284,2.4285714285714284,32.11686661082565,10.37654482754995,2.0567047952500954,-1.960760992530502,1.7952490421939435,-2.3095202879382875,7.798496773423415,-0.13741942487671244,1.6457113704075785,3.3434170589539596,75.33515884998701,5.8618073195657985,3.6644828010295782,4.558909992029494,3.1807392125526213,1.7742154673907575,2.4066709994244335,1.127304926118036,1.4924532977881466,0.5138937555013049,0.9072864520142523,0.0780926286713828,0.23427788601414842,-0.22000000000000003,27.977093296928835,6.78,2.872924704797209,2.4720415224913497,46.91984846927698,10.84019487200289,6.041840829147961,0.0,0.0,0.0,5.969305287951849,4.794537184071822,0.0,12.628789148012991,0.0,0.0,0.0,5.752853606746789,0.0,9.901064578912528,18.59809443596484,0.0,0.0,5.733667477162185,6.041840829147961,5.752853606746789,0.0,0.0,0.0,5.733667477162185,0.0,0.0,12.628789148012991,22.870527118687306,4.794537184071822,0.0,0.0,0.0,0.0,0.0,0.0,63.32000000000001,12.011146117099809,4.794537184071822,0.0,5.752853606746789,0.0,0.0,0.0,0.0,0.0,12.628789148012991,10.84019487200289,0.0,3.6490432098765435,9.756435185185186,8.008101851851851,4.939814814814815,-0.8148148148148142,-0.8163580246913587,0.0,0.0,0.0,0.6666666666666666,7,3,3,0,0,0,0,0,0,3,3,4,2,0,0,0,0,-0.6719000000000002,29.464199999999998,1,0,0,0,0,0,0,0,1,1,1,0,0,0,0,0,0,1,0,0,0,0,1,0,0,0,0,0,0,0,0,0,0,0,0,0,0,0,0,0,0,0,0,0,0,0,0,0,0,0,0,0,0,0,0,0,0,0,0,0,0,0,0,0,0,0,0,0,0,0,0,0,0,0,0,0,0,0,0,0,0,0,0,0,0
10.526141604407297,10.526141604407297,0.15775720164609064,-3.8425222951835045,0.5664580841045197,20.666666666666668,238.30899999999994,220.16499999999996,238.098728056,90,0,0.2656202135832252,-0.39504455442072267,0.39504455442072267,0.2656202135832252,1.0,1.4666666666666666,1.8666666666666667,32.2397392392869,10.296412733586212,2.170370355654337,-2.3346171096151997,2.007009514659272,-2.477132425348092,7.853165559347481,0.11620815619654816,2.1611112610067114,2.2011033196528778,272.36625665152695,11.311554787871636,8.670453502883804,9.48695008381153,7.010149914563001,5.018177015881068,6.62734232340747,3.692926801494716,5.265003662984698,2.5466074486027495,3.2450891536061937,1.6223870476064435,2.1113067939463623,-0.21000000000000008,1823.9779042896644,12.85761325219743,5.759884392487975,5.42923094984735,90.23055177771997,5.106527394840706,0.0,0.0,0.0,10.118126859033554,0.0,14.352569335391319,0.0,8.417796984328938,0.0,0.0,0.0,39.26853843547545,12.359735571259707,18.077074252860008,10.118126859033554,0.0,9.799819461700956,0.0,0.0,51.628274006735154,0.0,0.0,0.0,0.0,0.0,0.0,0.0,79.50516772129613,10.118126859033554,0.0,0.0,0.0,0.0,0.0,0.0,81.08000000000001,10.118126859033554,8.417796984328938,0.0,12.359735571259707,13.08951281182515,26.1790256236503,0.0,0.0,4.899909730850478,4.899909730850478,9.65927726853107,29.638873344869015,0.0,4.130545634920635,8.72680511633028,0.0,-0.20138888888888884,0.0,0.0,4.464353754619132,-3.8425222951835045,1.0,15,2,6,0,1,1,0,0,0,5,2,7,5,0,1,1,1,-1.5158999999999976,56.381400000000035,0,1,1,0,0,0,0,0,0,0,0,0,0,1,0,2,0,0,0,0,0,0,0,0,0,0,0,0,0,0,0,0,0,0,0,0,0,0,0,0,0,0,0,0,0,0,0,0,0,0,0,0,0,0,0,0,0,0,0,0,0,0,0,0,0,0,0,0,0,0,1,0,0,0,0,0,0,0,0,0,0,0,0,0,0
12.268665438397582,12.268665438397582,0.24108796296296275,-4.588876894893759,0.6603736450853359,11.142857142857142,308.31100000000004,296.21500000000003,308.0354591039999,110,0,0.2977509229715973,-0.5070391410621363,0.5070391410621363,0.2977509229715973,1.1428571428571428,1.7619047619047619,2.2857142857142856,32.239783924196175,10.022356339054364,2.2285196138052314,-2.1003766370413017,2.3214081344213735,-2.0670366259767383,7.855379941080746,0.10312786946875162,2.4548935982210898,2.629387288164202,780.6115735278078,15.620955864630139,10.977120527646614,11.79361710857434,9.84155382074099,5.825519183980238,7.2655825127808775,4.190432254534323,5.580391339818085,2.8404723459717447,3.7153210443536104,1.8372188993738527,2.5004974544416183,-2.3799999999999994,42155.432868652555,15.01735608571004,5.547506689505285,3.037598577340038,120.91631864614149,9.843390348640755,16.394507142085587,5.783244946364939,0.0,10.118126859033554,0.0,9.347287057762186,0.0,8.417796984328938,0.0,30.33183534230805,6.06636706846161,11.629818560158606,12.673249032974528,27.608474390731878,15.901371805398494,0.0,0.0,0.0,4.895483475517775,7.109797541277533,53.59147246262526,0.0,11.49902366656781,4.736862953800049,0.0,11.49902366656781,0.0,30.97011674050248,10.118126859033554,0.0,15.921440167465814,47.36005295474905,0.0,0.0,0.0,100.9,26.546367114200173,18.318861563241466,0.0,16.876414816677897,0.0,12.13273413692322,19.242531678200752,18.19910120538483,0.0,0.0,9.289612827490412,36.58625157470395,0.0,11.687259070294784,9.867078609221467,0.03599962207105145,-1.2561409255060034,9.90241326005711,0.0,0.0,-3.406194544175694,0.07142857142857142,21,2,6,0,0,0,2,0,2,5,2,7,4,0,0,0,2,1.8785,74.34790000000002,0,0,0,0,0,0,0,1,0,0,1,1,0,0,0,0,0,0,0,0,0,0,0,0,0,0,0,0,0,0,0,0,0,0,2,0,0,0,0,0,0,1,0,0,0,0,0,0,0,0,0,1,0,0,0,1,0,0,0,0,0,0,0,0,0,1,1,0,0,0,0,0,0,0,0,0,0,0,0,0,0,0,0,0,0
12.052716049382717,12.052716049382717,0.21962962962962918,-0.21962962962962918,0.5081658566058984,9.25,128.171,123.13099999999997,128.00959938,42,0,0.12278673064446927,-0.20701112313167014,0.20701112313167014,0.12278673064446927,1.125,1.625,2.0,32.11691035201693,10.351107213363296,1.8374163371303964,-1.857583493943468,2.0448809021806404,-1.6789597006387575,7.798897803578819,0.6263880539826954,1.769973094021975,3.0324555320336755,147.38833891467198,5.983127663125442,4.134579145267688,5.029006336267605,3.787693700234704,2.233956239300511,2.6811698348004693,1.4764167799831538,1.9928145594774762,0.8266262022961458,1.1247685992961178,0.4410908789258507,0.5901620774258368,-0.5000000000000001,70.79892376087899,5.633333333333334,2.1786703601108033,1.234072022160665,52.75200518582491,0.0,5.817220841045895,0.0,0.0,0.0,0.0,0.0,4.39041504767482,0.0,12.628789148012991,0.0,24.26546827384644,4.895483475517775,0.0,4.39041504767482,12.628789148012991,0.0,0.0,0.0,4.895483475517775,0.0,30.082689114892332,0.0,0.0,0.0,4.39041504767482,0.0,12.628789148012991,0.0,0.0,5.817220841045895,0.0,29.160951749364216,0.0,0.0,0.0,0.0,0.0,4.39041504767482,0.0,5.817220841045895,0.0,4.895483475517775,12.13273413692322,12.13273413692322,0.0,12.628789148012991,0.0,12.052716049382717,3.9650000000000003,0.783703703703704,0.0,0.0,-0.21962962962962918,5.973765432098766,0.0,0.0,0.0,0.0,8,0,0,0,0,0,1,0,1,1,1,2,0,0,0,0,1,2.1144,33.652,0,0,0,0,0,0,0,0,0,0,0,0,0,0,0,0,0,0,0,0,0,0,1,0,0,0,0,0,0,0,0,0,0,0,1,0,0,0,0,0,0,0,0,0,1,0,0,0,0,0,0,0,0,0,0,0,0,0,0,0,0,0,0,0,0,0,0,0,0,0,0,0,0,0,0,0,0,0,0,0,0,0,0,0,0
11.27573788547804,11.27573788547804,0.20052732519137595,-0.7171325784037725,0.4661994982641593,14.3,281.352,258.16799999999995,281.162708216,112,0,0.3028395565321837,-0.481230389785217,0.481230389785217,0.3028395565321837,0.85,1.3,1.8,16.36519367340861,10.070606871827694,2.2144315187946337,-2.124740509479558,2.1106642177066455,-2.3030059689028244,6.123390957696863,-0.13780286473308065,2.714649268079363,1.867675929885895,358.069803067466,14.794682450997078,11.844940412636236,11.844940412636236,9.609060905280623,7.363657588078802,7.363657588078802,5.133612299922414,5.133612299922414,3.422910311367009,3.422910311367009,2.2583178792971266,2.2583178792971266,-1.6499999999999997,28875.724264560184,16.404495912806542,9.284957884779967,6.497354839797783,119.1916401661993,5.106527394840706,0.0,0.0,0.0,11.814359458703011,5.969305287951849,19.28352128306594,0.0,0.0,0.0,38.524929737556064,12.841643245852019,25.117618242506346,0.0,19.49013894705617,17.78366474665486,0.0,4.899909730850478,0.0,57.787394606334104,6.544756405912575,12.152040213667762,0.0,0.0,0.0,0.0,0.0,0.0,34.33485827825862,14.383611552215466,0.0,57.787394606334104,12.152040213667762,0.0,0.0,0.0,74.68,5.969305287951849,14.383611552215466,0.0,18.23518108162902,6.544756405912575,51.36657298340809,17.05194994451824,0.0,0.0,0.0,5.106527394840706,0.0,0.0,34.14037576817276,8.484170087911036,0.0,-1.1181872287865247,0.0,10.97650026465253,0.517141108050199,0.0,0.6666666666666666,20,1,5,0,1,1,0,0,0,3,1,5,11,0,0,0,1,2.506900000000001,75.04880000000004,1,0,0,0,0,0,0,0,1,1,3,2,0,0,0,1,0,0,0,0,0,0,0,0,0,0,0,2,0,0,0,0,0,0,0,0,0,0,0,0,0,0,0,0,0,0,0,0,1,0,0,0,0,0,0,0,0,0,0,0,0,0,0,0,0,0,0,0,0,0,0,0,0,0,0,0,0,0,0,0,0,0,0,7,0
3.1195370370370368,3.1195370370370368,1.2060185185185186,1.2060185185185186,0.5439155908694729,10.222222222222221,117.15099999999997,110.09499999999998,117.057849224,44,0,0.04533934729771151,-0.3611762912891017,0.3611762912891017,0.04533934729771151,1.0,1.8888888888888888,2.7777777777777777,14.649928150899145,10.253540731635157,1.8616440572121387,-1.827280603528226,2.085426823634756,-1.612704835068164,5.782479110967439,1.4776825391303166,2.3327430273186147,2.9546597902851044,278.54542122074673,6.104448006685086,4.964101615137755,4.964101615137755,4.4663264951887856,2.988033871712586,2.988033871712586,2.064921349280117,2.064921349280117,1.4625176415169718,1.4625176415169718,0.9950141132135774,0.9950141132135774,-1.2399999999999998,254.268989977729,4.621116323679656,1.6217242815493544,0.6166634028189337,53.322228072246475,4.9839785209472085,0.0,0.0,0.0,0.0,0.0,0.0,0.0,0.0,0.0,18.19910120538483,17.518958351388015,11.713544289229338,0.0,0.0,10.902924932081056,0.0,4.9839785209472085,0.0,0.0,0.0,36.52867891392113,0.0,0.0,0.0,0.0,0.0,0.0,4.9839785209472085,0.0,0.0,0.0,36.52867891392113,0.0,10.902924932081056,0.0,15.79,0.0,0.0,0.0,0.0,0.0,0.0,10.902924932081056,0.0,18.3295777085363,23.18307972633204,0.0,0.0,0.0,3.1195370370370368,1.275462962962963,1.2060185185185186,0.0,10.283240740740741,1.949074074074074,0.0,0.0,0.0,9,1,1,0,0,0,1,1,2,0,1,1,0,0,0,0,2,2.1678999999999995,38.29870000000001,0,0,0,0,0,1,1,0,0,0,0,0,0,0,0,0,1,0,0,0,0,1,0,0,0,0,0,0,0,0,0,0,0,0,1,0,1,0,0,0,0,0,0,0,0,0,0,0,0,0,0,0,0,0,0,0,0,0,0,0,0,0,0,0,1,0,0,0,0,0,0,0,0,0,0,0,0,0,0,0,0,0,0,0,0
5.761697530864197,5.761697530864197,0.7843518518518522,0.7843518518518522,0.5961550779996848,10.5,151.59599999999998,145.54799999999997,151.018876872,50,0,0.04544489635616666,-0.3611748871655983,0.3611748871655983,0.04544489635616666,1.2,2.1,3.0,35.495690819541146,10.249319251923668,1.9181702163780407,-1.881238204615161,2.165151896667776,-1.6495466314016605,6.308050327819186,1.4775998767225256,2.333875816740785,2.860781632079713,350.78507788066474,6.974691494688164,5.264715818957357,6.0206447649758115,4.860173345306137,3.0876997107401585,3.465664183749386,2.2092432940204314,2.645679074492416,1.5153404423852246,1.750437545172963,1.0241475979300771,1.204690228158818,-0.9500000000000001,357.08299996134014,5.806416920373259,2.0268493306822357,0.792036970250382,63.62549429912814,4.9839785209472085,0.0,0.0,0.0,0.0,0.0,0.0,0.0,0.0,0.0,11.600939890232516,24.26546827384644,22.12240181743546,0.0,0.0,22.503864822313574,0.0,4.9839785209472085,0.0,0.0,0.0,35.48494515920084,0.0,0.0,0.0,0.0,0.0,11.600939890232516,4.9839785209472085,0.0,0.0,0.0,30.462311845459517,5.022633313741326,10.902924932081056,0.0,15.79,0.0,0.0,0.0,0.0,0.0,15.925558245822383,0.0,0.0,30.462311845459517,4.9839785209472085,11.600939890232516,0.0,5.761697530864197,3.0881172839506172,1.9440740740740745,1.1290740740740743,0.0,7.784382716049383,1.9037654320987654,0.0,0.0,0.0,10,1,1,0,0,0,1,1,2,0,1,2,0,0,0,0,2,2.8213,43.30870000000001,0,0,0,0,0,1,1,0,0,0,0,0,0,0,0,0,1,0,0,0,0,1,0,0,0,0,0,0,0,0,0,0,0,0,1,0,1,0,0,0,0,0,0,0,1,0,0,0,0,0,0,0,0,0,0,0,0,0,0,0,0,0,0,0,0,0,0,0,0,0,0,0,0,0,0,0,0,0,0,0,0,0,0,0,0
10.315555555555555,10.315555555555555,1.1442129629629632,-2.7384259259259256,0.4274213512497734,10.846153846153847,192.123,184.05899999999997,192.02700259600002,74,0,0.3364194912829884,-0.48113877492695273,0.48113877492695273,0.3364194912829884,0.9230769230769231,1.2307692307692308,1.3846153846153846,16.417490197749384,9.958820312219043,2.402769061219522,-2.1783951227961613,2.1517009678720287,-2.4220981403199295,5.875366366158339,-0.16989774107183062,1.8150189575896434,4.619312134964085,227.36732222044088,10.646264369941973,6.427812815764517,6.427812815764517,5.7763801118468425,3.171013189068806,3.171013189068806,2.477767596933565,2.477767596933565,1.2854370253754708,1.2854370253754708,0.7140773223522258,0.7140773223522258,-1.63,333.9634881964944,11.370000000000001,3.853986625290123,3.5181644518634423,72.22546290872793,20.426109579362823,0.0,5.601050810983688,0.0,0.0,17.90791586385555,9.589074368143644,4.794537184071822,0.0,0.0,0.0,0.0,0.0,12.841643245852019,34.809721131578286,17.90791586385555,0.0,0.0,0.0,18.442694056835705,0.0,0.0,0.0,0.0,0.0,0.0,0.0,0.0,43.93507625420205,14.383611552215466,0.0,12.841643245852019,0.0,0.0,0.0,0.0,132.13,36.350609920691255,14.383611552215466,0.0,0.0,0.0,0.0,0.0,0.0,0.0,0.0,20.426109579362823,0.0,0.0,30.484751511715796,33.81098922902494,-2.7384259259259256,-5.018888888888888,0.0,-2.2884259259259263,0.0,0.0,0.5,13,4,7,0,0,0,0,0,0,4,4,7,5,0,0,0,0,-1.2484999999999995,37.09119999999999,3,1,0,0,0,0,0,0,3,3,3,0,0,0,0,0,0,0,0,0,0,0,0,0,0,0,0,0,0,0,0,0,0,0,0,0,0,0,0,0,0,0,0,0,0,0,0,0,0,0,0,0,0,0,0,0,0,0,0,0,0,0,0,0,0,0,0,0,0,0,0,0,0,0,0,0,0,0,0,0,0,0,0,0,0
10.212605032753842,10.212605032753842,0.0180706727135298,-0.8818844482237334,0.6118016661800426,9.846153846153847,182.175,172.09499999999997,182.0579088,70,0,0.30317778210342117,-0.5042598931267965,0.5042598931267965,0.30317778210342117,1.2307692307692308,1.9230769230769231,2.4615384615384617,16.365302544796712,10.100263601472317,2.021911192230103,-2.00586046254644,2.24688274513563,-1.9649038989145649,5.666801981206907,-0.1364723484418307,2.069443369158913,2.6819734486308224,319.3907822709721,9.844934982691242,6.896153446905711,6.896153446905711,6.092224152875014,3.820085191381002,3.820085191381002,2.7168052230765767,2.7168052230765767,1.66736573730683,1.66736573730683,0.9757883952813374,0.9757883952813374,-1.71,734.652396051414,9.378573959255977,3.798672317749581,2.6649082863883997,75.0704528193186,15.319582184522117,0.0,11.49902366656781,0.0,0.0,5.969305287951849,4.794537184071822,0.0,0.0,0.0,6.06636706846161,24.117007251546223,6.4208216229260096,0.0,20.11411936859394,5.969305287951849,0.0,0.0,0.0,12.841643245852019,0.0,23.762552697081826,0.0,11.49902366656781,0.0,0.0,11.49902366656781,0.0,21.288887472473967,11.21535880699783,0.0,11.984273114623004,18.19910120538483,0.0,0.0,0.0,77.76,5.969305287951849,4.794537184071822,0.0,17.919845289493818,11.984273114623004,0.0,12.13273413692322,6.06636706846161,0.0,0.0,15.319582184522117,0.0,0.0,10.212605032753842,26.409499086671705,0.692314814814815,-1.2967328042328032,4.280539493575208,0.3684410430839,0.0,0.0,0.2222222222222222,13,3,4,0,0,0,1,0,1,3,3,4,3,0,0,0,1,1.115,45.72840000000002,1,0,0,0,0,0,0,2,1,1,1,0,0,0,0,0,0,0,0,0,0,0,0,0,0,0,0,0,0,0,1,0,0,0,1,0,0,0,0,0,0,0,0,0,0,0,0,0,0,0,0,0,0,0,0,0,0,0,0,0,0,0,0,0,0,2,2,0,0,0,0,0,0,0,0,0,0,0,0,0,0,0,0,0,0
10.418623551272361,10.418623551272361,0.11425925925925906,-1.099477040816326,0.5125069246930146,12.357142857142858,197.18999999999997,186.10199999999995,197.068807832,76,0,0.32031552163797705,-0.5042598930844389,0.5042598930844389,0.32031552163797705,1.3571428571428572,2.0,2.5,16.367725722742648,10.064056512726939,2.122778892325711,-2.064818417594949,2.2464887901537796,-2.3165470820827965,5.731199195975061,-0.13799953687147767,2.10922326203371,2.7772680269131413,350.6652327975252,10.71517847069432,7.343747204098415,7.343747204098415,6.502907755397974,3.9967885591797376,3.9967885591797376,2.9719215653681355,2.9719215653681355,1.812638001675133,1.812638001675133,1.037227028910416,1.037227028910416,-1.75,1115.7791056158326,10.331632653061224,3.972117202268431,2.366714454376792,80.41034351633131,21.0532496616843,6.041840829147961,11.49902366656781,0.0,0.0,5.969305287951849,4.794537184071822,0.0,0.0,0.0,6.06636706846161,24.117007251546223,0.0,0.0,20.11411936859394,5.969305287951849,0.0,0.0,5.733667477162185,12.462662452073971,0.0,23.762552697081826,0.0,11.49902366656781,5.733667477162185,0.0,11.49902366656781,0.0,27.330728301621924,11.21535880699783,0.0,5.563451491696996,18.19910120538483,0.0,0.0,0.0,103.78000000000002,12.011146117099809,4.794537184071822,0.0,17.919845289493818,5.563451491696996,0.0,18.19910120538483,0.0,0.0,0.0,21.0532496616843,0.0,0.0,10.418623551272361,26.633114921894684,5.857960128495844,-1.6154629629629613,3.0915051020408155,0.11425925925925906,0.0,0.0,0.2222222222222222,14,5,5,0,0,0,1,0,1,4,4,5,3,0,0,0,1,0.052200000000000135,49.08680000000002,1,0,0,0,0,0,0,2,1,1,1,0,0,0,0,0,0,1,0,0,0,0,0,0,0,0,0,0,0,0,0,0,0,0,1,0,0,0,0,0,0,0,0,0,0,0,0,0,0,0,0,0,0,0,0,0,0,0,0,0,0,0,0,0,0,2,2,0,0,0,0,0,0,0,0,0,0,0,0,0,0,0,0,0,0
5.837168524817335,5.837168524817335,0.843248719240783,0.843248719240783,0.44645715243827383,11.764705882352942,255.36700000000002,246.29499999999996,255.017641288,82,0,0.05416281273739354,-0.39868745658741583,0.39868745658741583,0.05416281273739354,0.7647058823529411,1.4705882352941178,2.3529411764705883,32.13613520915385,10.194456818281763,2.1061291809173075,-1.9171676019822723,2.437055869898413,-1.8026847606607335,7.361074693640548,1.7992751366036694,2.838693483837347,2.286532553346307,854.428703098132,11.405412915006313,8.935298734444734,10.568291896300186,8.326499840494924,5.420555856424751,7.0535490182802025,4.114128658531506,6.21852634117799,3.0122479819463033,5.531366861543484,2.221374412260188,4.923365025863719,-1.5799999999999996,20046.853382859346,9.450083431477609,3.215304770455829,1.236138473819093,106.0970139525383,5.733667477162185,0.0,0.0,0.0,0.0,0.0,0.0,0.0,0.0,22.673571755869474,24.26546827384644,18.19910120538483,25.859674536551353,9.399839832938202,0.0,57.933086125359026,0.0,0.0,0.0,0.0,5.733667477162185,42.46456947923127,0.0,0.0,5.733667477162185,5.687386274683562,0.0,22.673571755869474,0.0,0.0,0.0,0.0,42.46456947923127,0.0,29.57212809480599,0.0,26.02,0.0,0.0,0.0,0.0,0.0,5.687386274683562,29.57212809480599,0.0,28.739938824331084,36.39820241076966,5.733667477162185,5.446183390022677,3.715689720332577,0.0,2.7015476190476195,6.680417244058118,0.0,14.789495359872344,0.0,0.0,0.0,0.0,17,2,1,0,0,0,2,2,4,3,1,3,0,0,0,0,4,4.851400000000002,79.12640000000003,0,0,0,1,0,0,0,0,0,0,0,0,0,0,0,0,0,1,0,0,0,0,0,0,0,0,0,0,0,1,0,0,0,0,2,0,5,0,0,0,0,0,0,0,0,0,0,0,0,0,0,0,0,0,0,0,0,0,0,0,0,0,0,0,0,0,0,0,0,0,0,0,0,0,0,0,0,0,0,0,0,0,2,0,0
2.46875,2.46875,1.1875,1.1875,0.4267612580294936,57.6,140.19,128.094,140.106196384,56,0,0.055459509263224904,-0.26435721645045884,0.26435721645045884,0.055459509263224904,0.4,0.6,0.8,15.659887795128473,10.366112204871547,2.3567645073576156,-2.55766221454485,2.195539386456968,-2.7097393864569685,4.794347610097681,-0.19434761009767945,1.821871007983645,1.897366596101028,101.29748098348911,6.552041763877789,6.031495069119117,6.031495069119117,4.898979485566357,3.7947331922020555,3.7947331922020555,3.5318097104236035,3.5318097104236035,2.3999999999999986,2.3999999999999986,2.2337125894476615,2.2337125894476615,-0.16,344.33362050890895,5.485247443389335,1.7072404432021557,0.6453803882707986,60.58580282003839,0.0,0.0,0.0,0.0,0.0,0.0,19.599638923401912,0.0,0.0,0.0,0.0,0.0,0.0,40.01214713339486,0.0,0.0,0.0,19.599638923401912,0.0,0.0,40.01214713339486,0.0,0.0,0.0,0.0,0.0,0.0,0.0,59.611786056796774,0.0,0.0,0.0,0.0,0.0,0.0,0.0,12.96,0.0,0.0,0.0,0.0,0.0,0.0,40.01214713339486,0.0,0.0,19.599638923401912,0.0,0.0,0.0,9.875,0.0,0.0,0.0,0.0,0.0,7.125,0.0,1.0,10,0,4,0,4,4,0,0,0,4,0,4,0,0,4,4,4,-1.0197999999999992,36.558,0,0,0,0,0,0,0,0,0,0,0,0,0,0,0,4,0,0,0,0,0,0,0,0,0,0,0,0,0,0,0,0,0,0,0,0,0,0,0,0,0,0,0,0,0,0,0,0,0,0,0,0,0,0,0,0,0,0,0,0,0,0,0,0,0,0,0,0,0,0,0,0,0,0,0,0,0,0,0,0,0,0,0,0,0
12.32611111111111,12.32611111111111,0.1921296296296291,-1.8331481481481486,0.5477135623272421,9.818181818181818,157.91199999999998,152.87199999999999,158.03506624,58,0,0.48812864690631885,-0.4231748562673401,0.48812864690631885,0.4231748562673401,1.0,1.4545454545454546,1.8181818181818181,19.14542414903197,9.802345230539533,2.1212920163300777,-1.9785809518376456,1.98575480083707,-2.29883909066018,6.5807298277058734,0.42457155323906515,1.8460467916839207,3.0834305113926055,244.50923773053,8.430721420318147,5.459757213776874,5.459757213776874,5.092224152875015,2.91508819466724,2.91508819466724,2.0764507592826242,2.0764507592826242,1.1830269539026315,1.1830269539026315,0.724235699638002,0.724235699638002,-0.9350649350649353,243.67817650227752,8.164289903644743,2.9805127538723815,1.9936389888351838,62.243545446235004,10.048045150132006,11.63444168209179,0.0,0.0,0.0,7.118392334224363,0.0,8.78083009534964,0.0,0.0,0.0,17.595537397338052,6.06636706846161,0.0,18.828875245481647,12.581195594639196,0.0,0.0,0.0,0.0,0.0,29.833542887476618,0.0,0.0,5.462803260414833,8.78083009534964,0.0,0.0,17.16643748435637,0.0,11.63444168209179,0.0,18.19910120538483,0.0,0.0,0.0,40.46,18.752834016316154,8.78083009534964,0.0,5.462803260414833,6.06636706846161,12.13273413692322,0.0,0.0,0.0,0.0,10.048045150132006,24.65222222222222,0.0,0.0,16.98962962962963,-0.1921296296296291,-1.6516666666666668,2.368425925925926,0.0,0.0,-1.8331481481481486,0.0,11,2,2,0,0,0,1,0,1,2,2,5,1,0,0,0,1,-0.35540000000000016,36.18360000000001,0,0,0,0,0,0,0,0,0,0,0,0,0,0,0,0,0,0,0,0,0,0,0,0,0,0,0,0,0,0,0,0,0,0,1,0,0,0,0,0,0,0,0,0,2,0,0,0,0,0,0,0,0,0,0,0,0,0,0,0,0,0,0,0,0,0,0,0,0,0,0,0,0,0,0,0,0,0,0,0,0,0,0,0,0
7.166666666666667,7.166666666666667,2.166666666666667,-2.166666666666667,0.2827937198183339,6.75,61.83300000000001,58.809000000000005,62.017524355999996,24,0,0.6306456328238041,-0.4018195480003625,0.6306456328238041,0.4018195480003625,1.0,1.0,1.0,16.526024042221827,10.286975957778173,1.9224727044657277,-1.6916466196422875,1.3986316102504237,-2.066731610250423,6.301841036939477,0.27795896306053164,0.8112781244591328,2.3237900077244498,8.0,3.5773502691896257,1.9189910556894996,1.9189910556894996,1.7320508075688772,0.7745966692414834,0.7745966692414834,0.34641016151377546,0.34641016151377546,0.0,0.0,0.0,0.0,-0.05506493506493516,3.2451124978365313,3.944935064935065,1.2845011259687569,572.7416598780339,23.684517280895907,15.07206772519801,0.0,0.0,0.0,0.0,7.3212123586851945,0.0,0.0,0.0,0.0,0.0,0.0,0.0,0.0,15.07206772519801,7.3212123586851945,0.0,0.0,0.0,0.0,0.0,0.0,0.0,0.0,0.0,0.0,0.0,0.0,22.3932800838832,0.0,0.0,0.0,0.0,0.0,0.0,0.0,60.69,7.3212123586851945,0.0,0.0,0.0,0.0,0.0,0.0,0.0,0.0,0.0,15.07206772519801,0.0,0.0,0.0,21.5,0.0,0.0,0.0,0.0,0.0,-2.166666666666667,0.0,4,3,3,0,0,0,0,0,0,3,3,4,0,0,0,0,0,-2.0518,12.4104,0,0,0,0,0,0,0,0,0,0,0,0,0,0,0,0,0,0,0,0,0,0,0,0,0,0,0,0,0,0,0,0,0,0,0,0,0,0,0,0,0,0,0,0,0,0,0,0,0,0,0,0,0,0,0,0,0,0,0,0,0,0,0,0,0,0,0,0,0,0,0,0,0,0,0,0,0,0,0,0,0,0,0,0,0
5.64983560090703,5.64983560090703,0.5742592592592595,-0.5742592592592595,0.7113052644190057,15.11111111111111,237.81599999999997,229.75199999999995,238.060869536,86,0,0.6578348829395215,-0.5236465679892296,0.6578348829395215,0.5236465679892296,0.5,0.7777777777777778,1.0555555555555556,16.68564714317812,9.489109541650018,2.544248457799968,-2.0618469936946267,2.3724467448256616,-2.4933195971850997,7.11999113855948,0.46362872488437024,3.0159863895277943,1.5583382235821888,500.636211261389,11.949382989376328,9.406495853751712,9.406495853751712,8.898979485566358,5.747339494222374,5.747339494222374,4.101655770503413,4.101655770503413,2.893029148686163,2.893029148686163,2.060671158432547,2.060671158432547,-2.23012987012987,40124.682926277776,9.764700664340165,3.6315219012408884,1.41969306104063,104.6991022895551,18.617432536101383,22.99804733313562,0.0,0.0,0.0,14.018366525922337,0.0,0.0,0.0,0.0,24.26546827384644,24.26546827384644,0.0,0.0,18.617432536101383,14.018366525922337,0.0,0.0,0.0,0.0,0.0,48.53093654769288,0.0,22.99804733313562,18.617432536101383,0.0,22.99804733313562,0.0,14.018366525922337,0.0,0.0,0.0,48.53093654769288,0.0,0.0,0.0,36.92,14.018366525922337,0.0,0.0,0.0,22.99804733313562,0.0,0.0,0.0,48.53093654769288,0.0,18.617432536101383,22.599342403628118,0.0,0.0,0.0,0.0,2.854281934996221,15.028227513227513,0.0,0.0,-1.148518518518519,0.0,18,0,4,0,2,2,2,0,2,4,0,6,1,0,0,0,4,1.9839999999999995,66.90400000000002,0,0,0,0,0,0,0,0,0,0,0,0,0,0,0,0,0,0,0,0,0,0,0,0,0,0,0,0,0,0,0,0,0,0,2,0,2,0,0,0,0,0,0,0,0,0,0,0,0,0,0,0,0,0,0,0,0,0,0,0,0,0,0,0,4,0,0,0,0,0,0,0,0,0,0,0,0,0,0,0,0,0,0,0,0
9.845694444444444,9.845694444444444,0.045910493827160614,-3.7907021604938276,0.41836701242427415,11.857142857142858,125.06399999999996,116.99999999999999,125.024179746,44,0,0.32633031495509485,-0.32983197636512857,0.32983197636512857,0.32633031495509485,1.5714285714285714,2.0,2.0,31.190888564483775,10.820416858714523,2.081517896738091,-1.9621603111052177,2.3187326088229994,-2.038351864555609,7.512902154381129,0.3734614719095755,1.2958363892911637,3.3646989596650556,86.93569696954751,5.914213562373095,3.7414529085264574,4.635880099526374,3.060660171779821,1.807050242315756,3.604654146019543,1.176966124978528,2.953548105745959,0.4203865377911082,1.2611596133733245,0.16817468150739812,0.5045240445221943,0.10999999999999999,18.14170945007629,7.11,2.425723536271459,6.109999999999999,41.49549175997875,15.520490682667134,0.0,0.0,0.0,0.0,7.595762326787885,4.565048284931329,0.0,0.0,0.0,0.0,0.0,6.544756405912575,6.161910027467921,14.351871490436281,7.595762326787885,0.0,0.0,5.733667477162185,0.0,12.706666433380496,0.0,0.0,0.0,5.733667477162185,0.0,0.0,7.595762326787885,22.493489638885446,4.565048284931329,0.0,0.0,0.0,0.0,0.0,0.0,83.55000000000001,7.595762326787885,4.565048284931329,0.0,12.706666433380496,0.0,0.0,0.0,0.0,0.0,0.0,15.520490682667134,9.845694444444444,0.0,16.0975,0.0,4.822430555555556,0.0,0.0,-0.2152777777777779,0.045910493827160614,-3.7907021604938276,1.0,7,4,4,0,0,0,0,0,0,2,3,5,2,0,0,0,0,-0.8772000000000002,25.965499999999995,0,0,0,0,0,0,0,0,0,0,0,0,0,0,0,0,0,1,0,0,0,0,0,0,0,0,0,0,0,0,0,0,0,0,0,0,0,0,0,0,0,0,0,0,0,0,0,0,0,0,0,0,0,0,0,0,0,0,0,0,0,0,0,0,0,0,0,0,0,0,0,0,0,0,0,0,0,0,0,0,0,0,0,0,0
11.768937258545392,11.768937258545392,0.05544537876879141,0.05544537876879141,0.5388605597174689,11.090909090909092,305.418,278.202,305.199093724,122,0,0.21976034748769743,-0.5042545920952964,0.5042545920952964,0.21976034748769743,1.3636363636363635,2.1363636363636362,2.8181818181818183,16.47403055196575,10.115388596972066,2.044851861457194,-2.079050482100589,2.2557199155036503,-2.217830014161924,5.75335824746814,-0.12088671588737904,2.4920250055706985,2.229830766701327,495.10567763230114,16.372032720186702,13.76334569749818,13.76334569749818,10.524075805453153,7.818412917679893,7.818412917679893,5.700882111716634,5.700882111716634,3.279427365105586,3.279427365105586,2.0371673687433556,2.0371673687433556,-1.9699999999999995,62666.952815086355,18.079925112331505,9.874350582736595,7.1570315426235425,132.74026872542672,15.160178952647085,0.0,11.49902366656781,5.907179729351506,0.0,0.0,4.794537184071822,0.0,0.0,0.0,32.065881681510625,42.87655654355964,12.965578028838586,7.109797541277533,14.637927532712576,5.907179729351506,0.0,5.316788604006331,5.917906046161393,46.07551729699786,7.109797541277533,35.91459291074959,0.0,11.49902366656781,10.05365155780638,0.0,11.49902366656781,0.0,18.123504665469746,11.339293589984397,5.917906046161393,45.094212382782274,30.351141419052592,0.0,0.0,0.0,58.56,0.0,9.901064578912528,0.0,11.65669156263541,24.63299590828388,24.825916360475023,7.109797541277533,18.19910120538483,0.0,31.316303217055342,4.736862953800049,5.042442725859413,0.0,11.768937258545392,12.40041090213796,0.9054321588471121,1.167775680218307,5.071972220265489,7.880722193301697,4.757198155496766,1.5051087053278611,0.5,22,2,4,0,0,0,1,0,1,3,2,4,9,0,0,0,1,3.789600000000003,88.95150000000004,0,0,0,0,0,0,0,1,0,0,1,1,0,0,0,0,1,0,0,0,0,0,0,0,0,0,2,1,0,0,0,0,0,0,1,0,0,0,0,0,0,1,0,0,0,0,0,0,0,0,0,0,0,0,0,1,0,0,0,0,0,0,0,0,0,1,1,0,0,0,0,0,0,0,0,0,0,0,0,0,0,0,0,2,0
10.13729261148904,10.13729261148904,0.04135393046107283,-3.8466983182161756,0.25291640860558284,11.363636363636363,198.269,188.18899999999996,198.01328418,66,0,0.2643784911322989,-0.37871648586369505,0.37871648586369505,0.2643784911322989,1.6363636363636365,2.1818181818181817,2.5454545454545454,32.23976699128648,10.573092375771054,2.026682483911095,-1.9586452975425328,2.0093756651963393,-2.0789537059516445,8.13194814900433,0.4821228283767174,1.7762106053744897,3.3690222824837357,223.49166979158304,8.905777393935816,5.778877370104679,7.4118705319601315,4.9165022194363885,2.836057068184759,5.43082093536465,1.8523043039787326,4.561130996154837,0.8041930837770096,2.412579251331028,0.4234518027889922,1.6239087989602499,-0.2700000000000001,147.42548024608266,10.729999999999999,4.57598424341681,9.730000000000004,69.61106510270274,5.733667477162185,0.0,5.167651769578048,0.0,10.118126859033554,0.0,9.962033479481885,0.0,8.417796984328938,0.0,11.761884949391115,6.4208216229260096,5.752853606746789,5.752853606746789,12.9705468580193,27.04766357800272,5.409283605791522,0.0,5.733667477162185,6.4208216229260096,11.505707213493578,0.0,0.0,0.0,5.733667477162185,0.0,0.0,11.761884949391115,29.643905841090927,10.118126859033554,5.409283605791522,6.4208216229260096,0.0,0.0,0.0,0.0,104.24,10.118126859033554,8.417796984328938,0.0,10.920505376324837,12.1736752296728,11.761884949391115,0.0,0.0,0.0,0.0,15.695700956644071,28.53549744897959,1.0574999999999999,0.0,6.716122921390779,4.976582577475434,0.16905092592592585,0.0,0.30861111111111095,0.0,-3.8466983182161756,0.75,11,4,5,0,0,0,0,0,0,4,3,7,4,0,0,0,0,-0.1090299999999998,45.404700000000005,0,0,0,0,0,0,0,0,0,0,0,0,0,0,0,0,1,1,0,0,0,0,0,0,0,0,0,0,1,0,0,0,0,0,0,0,0,0,0,0,0,0,0,0,0,0,0,0,0,0,0,0,0,0,0,0,0,0,0,0,0,0,0,0,0,0,0,0,0,0,0,0,0,0,0,1,0,0,0,0,0,0,0,1,0
12.61712962962963,12.61712962962963,0.9131481481481483,-2.3972530864197523,0.7051217992074652,11.266666666666667,216.22,203.11599999999996,216.07040166599998,76,0,0.13983721693611348,-0.3139380464572277,0.3139380464572277,0.13983721693611348,0.7333333333333333,1.0666666666666667,1.4,31.1640388236824,10.361262866146975,2.191128469430175,-2.126612574790974,2.3760091973275164,-2.1367308220098025,7.775635643304051,0.5902184396892564,2.3131251043011627,2.4952431775263104,432.90384409321905,10.72576835024473,8.628964577860081,9.523391768859998,7.210343431045078,4.8983685818808915,7.0523713355508315,3.595263683918634,6.476389974997393,2.497802380283294,5.064917534121992,1.5739891264302281,3.354256148539742,-1.33,3515.9501585377675,10.196744014768907,4.03866075020907,2.0279601762378126,90.143039340051,4.565048284931329,7.1418927340993115,0.0,0.0,0.0,0.0,0.0,0.0,0.0,0.0,60.6636706846161,6.664825604232536,10.609079792477814,0.0,4.565048284931329,17.750972526577126,0.0,0.0,0.0,0.0,6.664825604232536,60.6636706846161,0.0,0.0,10.609079792477814,0.0,0.0,7.1418927340993115,6.664825604232536,4.565048284931329,0.0,0.0,60.6636706846161,0.0,0.0,0.0,17.07,7.1418927340993115,4.565048284931329,0.0,0.0,0.0,10.609079792477814,0.0,0.0,67.32849628884864,0.0,0.0,12.61712962962963,0.0,0.0,1.8262962962962968,0.0,0.0,19.275586419753086,0.0,1.8171296296296295,-2.3972530864197523,0.07692307692307693,15,0,1,0,0,0,2,0,2,1,0,2,2,0,0,0,2,2.630300000000001,65.68250000000003,0,0,0,0,0,0,0,0,0,0,0,0,0,0,0,0,0,0,0,0,0,0,0,0,0,0,0,0,0,0,0,0,0,0,2,0,0,0,0,0,0,0,0,0,0,0,0,0,0,0,0,0,0,0,0,0,0,0,0,0,0,0,0,0,0,0,0,0,0,0,0,0,0,0,0,0,0,0,0,0,0,0,0,0,0
12.031481481481482,12.031481481481482,0.9200925925925927,-1.7947736625514397,0.6821031676113248,10.357142857142858,202.19299999999998,191.10499999999996,202.05475160199998,70,0,0.13135815836814377,-0.31694196044553813,0.31694196044553813,0.13135815836814377,0.6428571428571429,1.0,1.3571428571428572,31.112210666223444,10.36181675769477,2.0334744315573197,-2.005730143645344,2.1759954132567785,-2.0446174193956055,7.610178842116228,0.597831131851506,2.303941289095321,2.348637604509715,381.0894217424773,9.803118619434356,7.681750982360123,8.681750982360123,6.877010097711745,4.525491350277851,5.933739640741712,3.0611749528008096,4.874123781643924,2.071955531687609,3.7873769883349317,1.3457218019266357,2.6694541750289633,-1.33,2580.4142437867595,9.233817735321393,4.255264848961771,1.941396879996435,84.19320214615851,4.565048284931329,7.801001635909965,0.0,0.0,0.0,0.0,0.0,0.0,0.0,0.0,60.6636706846161,0.0,10.609079792477814,0.0,4.565048284931329,18.41008142838778,0.0,0.0,0.0,0.0,0.0,60.6636706846161,0.0,0.0,10.609079792477814,0.0,0.0,7.801001635909965,0.0,4.565048284931329,0.0,0.0,60.6636706846161,0.0,0.0,0.0,17.07,7.801001635909965,4.565048284931329,0.0,0.0,0.0,10.609079792477814,0.0,0.0,60.6636706846161,0.0,0.0,12.031481481481482,0.0,0.0,1.8401851851851856,0.0,0.0,19.182366255144032,0.0,0.0,-1.7947736625514397,0.0,14,0,1,0,0,0,2,0,2,1,0,2,2,0,0,0,2,2.1971,61.15350000000004,0,0,0,0,0,0,0,0,0,0,0,0,0,0,0,0,0,0,0,0,0,0,0,0,0,0,0,0,0,0,0,0,0,0,2,0,0,0,0,0,0,0,0,0,0,0,0,0,0,0,0,0,0,0,0,0,0,0,0,0,0,0,0,0,0,0,0,0,0,0,0,0,0,0,0,0,0,0,0,0,0,0,0,0,0
10.259537037037038,10.259537037037038,0.3333333333333335,-0.8859953703703705,0.7658409879647905,9.444444444444445,207.04799999999997,204.02399999999997,205.903712436,48,0,0.33720991191650757,-0.4775884285506968,0.4775884285506968,0.33720991191650757,1.7777777777777777,2.4444444444444446,2.6666666666666665,79.91873200612133,10.354990940522033,2.0646709340137295,-1.842651981642728,2.222066251900454,-1.9216160285330033,9.108759422999333,0.06963802571994247,2.1315029728379105,3.076663439987336,230.61679606088006,6.8533711511285205,4.296375187816163,6.698868307858593,4.21521405516327,2.178548053042118,3.8511991338543643,1.4131331252049937,3.647148106211889,0.8483831919453978,2.5353030360307245,0.4461615643656635,1.6775815979987438,-0.3500000000000001,132.15318431595045,6.765606936416185,2.492601632006484,1.3106690013283422,64.26001196218621,5.106527394840706,0.0,0.0,0.0,0.0,5.969305287951849,0.0,4.794537184071822,0.0,11.336785877934737,0.0,27.37637373687687,0.0,9.349866709533714,9.901064578912528,33.236035063835935,0.0,0.0,0.0,0.0,0.0,20.79629654846124,0.0,0.0,0.0,0.0,0.0,27.266729775884087,11.075832682792555,0.0,0.0,10.357988675768818,15.232845056764244,0.0,0.0,0.0,37.3,5.969305287951849,4.794537184071822,0.0,0.0,9.349866709533714,0.0,11.336785877934737,11.446429838927525,0.0,15.929943897949348,5.106527394840706,0.6759259259259263,4.473078703703703,10.259537037037038,10.160902777777778,0.3333333333333335,-0.8859953703703705,1.5665509259259258,0.0,0.0,0.0,0.0,9,1,2,0,0,0,0,1,1,2,1,4,1,0,0,0,1,2.2088,38.9783,0,0,0,0,1,0,0,0,1,1,1,0,0,0,0,0,0,0,0,0,0,0,0,0,0,0,0,0,0,0,0,0,0,0,0,0,0,0,0,0,0,0,0,0,1,0,0,0,0,0,0,0,0,0,0,0,0,0,0,0,0,0,0,0,0,0,0,0,0,0,0,0,0,0,0,0,0,0,0,0,0,0,1,0,0
12.094650415721844,12.094650415721844,0.1514814814814811,-1.152777777777778,0.6321228195808997,9.3,141.10099999999997,137.069,141.022606588,52,0,0.3539794129449923,-0.4765094498103767,0.4765094498103767,0.3539794129449923,1.6,2.3,2.7,19.142152295717793,10.345366897059558,2.013005123386504,-1.893161138923792,1.9623887435147673,-1.9849889722650655,5.845301546106595,0.06901510356426324,1.8845053612018057,3.003400684579818,244.4296583765568,7.560477932315068,4.912690762041884,4.912690762041884,4.698377302757663,2.5478776041014366,2.5478776041014366,1.6668097554376133,1.6668097554376133,0.9465058706318948,0.9465058706318948,0.5023266048072591,0.5023266048072591,-1.45,180.91251467537336,6.666959064327487,2.4280944884840996,1.280972524245647,56.1372844700061,5.106527394840706,11.511148835894357,0.0,0.0,0.0,5.969305287951849,0.0,14.16893075269385,0.0,0.0,0.0,12.13273413692322,0.0,6.196843571613076,14.291479626587348,5.969305287951849,0.0,4.9839785209472085,0.0,0.0,0.0,29.84072654443065,0.0,0.0,0.0,4.39041504767482,0.0,0.0,16.059811203739763,0.0,5.817220841045895,10.488465178920283,18.3295777085363,0.0,0.0,0.0,50.19,11.786526128997744,9.184952231746642,0.0,5.693927994848461,0.0,18.3295777085363,0.0,0.0,0.0,4.9839785209472085,5.106527394840706,12.094650415721844,0.0,13.430517762660621,8.290757747543461,-0.1514814814814811,-1.6898148148148144,2.160833333333333,0.8645370370370369,0.0,0.0,0.0,10,1,3,0,0,0,0,1,1,2,1,4,1,0,0,0,1,0.9188999999999999,31.154299999999996,0,0,0,0,1,1,0,0,1,1,1,0,0,0,0,1,0,0,0,0,0,0,0,0,0,0,0,0,0,0,0,0,0,0,0,0,0,0,0,0,0,0,0,0,1,0,0,0,0,0,0,0,0,0,0,0,0,0,0,0,0,0,0,0,0,0,0,0,0,0,0,0,0,1,0,0,0,0,0,0,0,0,0,0,0
10.463703703703704,10.463703703703704,0.2696759259259265,-0.9240740740740743,0.8582869903865809,9.636363636363637,279.91499999999996,275.883,277.857803568,58,0,0.33525987107091465,-0.47763830751544806,0.47763830751544806,0.33525987107091465,1.1818181818181819,1.6363636363636365,2.0,79.91976337738743,10.213241988243198,2.0307903170130173,-1.9580378225762145,2.1924618500989093,-1.9472168800084069,9.10800162109158,0.06964872453132871,1.8460467916839207,3.1860125339283023,276.2420897763861,8.430721420318147,5.343441639551153,8.515434717780561,5.092224152875015,2.7877462235600152,4.37374276267472,1.9632761813675006,3.7946272389508784,1.1095060326047377,2.0251815613964266,0.6773084708662078,1.9710038303498743,-0.3500000000000001,243.67817650227752,8.743896713615024,3.3642191522324087,2.305799283446805,80.48719629741606,5.106527394840706,0.0,0.0,0.0,0.0,5.969305287951849,0.0,4.794537184071822,0.0,0.0,31.859887795898697,18.19910120538483,8.945439031664828,5.563451491696996,9.901064578912528,37.82919308385055,0.0,0.0,0.0,0.0,0.0,32.707991728746656,0.0,0.0,0.0,0.0,0.0,31.859887795898697,11.075832682792555,0.0,0.0,10.357988675768818,27.144540237049657,0.0,0.0,0.0,37.3,5.969305287951849,4.794537184071822,0.0,5.563451491696996,0.0,8.945439031664828,0.0,18.19910120538483,0.0,31.859887795898697,5.106527394840706,1.5079166666666672,6.3758333333333335,10.463703703703704,8.592037037037036,0.2696759259259265,-0.9240740740740743,4.881574074074074,0.0,0.0,0.0,0.0,11,1,2,0,0,0,1,0,1,1,1,4,1,0,0,0,1,2.9098000000000006,48.80130000000001,0,0,0,0,1,0,0,0,1,1,1,0,0,0,0,0,0,0,0,0,0,0,0,0,0,0,0,0,0,0,0,0,0,0,1,0,0,0,0,0,0,0,0,0,2,0,0,0,0,0,0,0,0,0,0,0,0,0,0,0,0,0,0,0,0,0,0,0,0,0,0,0,0,0,0,0,0,0,0,0,0,0,0,0,0
4.62037037037037,4.62037037037037,2.220446049250313e-16,2.220446049250313e-16,0.370873527205618,6.0,76.124,72.092,76.009519128,24,0,0.1604962987996412,-0.3765057148380912,0.3765057148380912,0.1604962987996412,1.5,1.5,1.5,32.09204493490109,11.259381501663803,1.5295358961718042,-1.6785231534272445,1.3212945883611336,-2.178193255303714,7.797083440528477,1.6517276766116937,0.8112781244591328,2.8030394876740514,29.019550008653873,3.5773502691896257,2.0629488288431146,2.8794454097708404,1.7320508075688772,0.7814744144215574,1.1897227048854204,0.40236892706218264,0.8737734478532142,0.0,0.0,0.0,0.0,-0.31000000000000005,3.2451124978365313,3.69,1.0617472118959108,8.372622268470339,29.77781266905986,11.46733495432437,0.0,5.112436884724758,0.0,0.0,0.0,0.0,0.0,0.0,0.0,0.0,12.217873443046695,0.0,0.0,0.0,17.330310327771453,0.0,0.0,11.46733495432437,0.0,0.0,0.0,0.0,0.0,11.46733495432437,0.0,0.0,12.217873443046695,5.112436884724758,0.0,0.0,0.0,0.0,0.0,0.0,0.0,52.04,0.0,0.0,0.0,5.112436884724758,0.0,0.0,0.0,0.0,0.0,23.685208397371063,0.0,0.0,4.092592592592593,0.0,2.220446049250313e-16,9.24074074074074,0.0,0.0,0.0,0.0,0.0,0.0,4,4,2,0,0,0,0,0,0,1,2,3,0,0,0,0,0,-0.8113000000000001,20.972800000000007,0,0,0,0,0,0,0,0,0,0,0,0,1,0,0,0,0,2,0,0,0,0,0,0,0,0,0,0,0,0,0,0,0,0,0,0,0,0,0,0,0,0,0,0,0,0,0,0,0,0,0,0,0,0,0,0,0,0,0,0,0,0,0,0,0,0,0,0,0,0,0,0,0,0,0,0,0,0,0,0,0,0,0,0,0
